<?xml version="1.0" encoding="UTF-8"?>
<!--  FlashTypeID: 0, means Nor Flash;1, means Nand Flash       -->
<!--  File-Flag: 0, means this file need not  input file path   -->
<!--             1, means this file need input file path        -->
<!--  File-CheckFlag: 0, this file is optional                  -->
<!--                  1, must select this file                  -->
<!--                  2, means not check this file in pack      -->
<!--  Mode: 0, not uesed; 1, means nand page size and oob care  -->
<!--  File-Type: MasterImage,means it will add BOOT_PARAM       -->
<!--             and OS_INFO information to file                -->
<!--  File-ID: Can not be changed,it is used by tools           -->
<!--  File-IDAlias: This is  for GUI display can be changed     -->
<BMAConfig>
	<ProductList>		
		<Product name="SC5735">
			<SchemeName>SC5735</SchemeName>
			<FlashTypeID>1</FlashTypeID>
			<Mode>0</Mode>			
			<NVBackup backup="0">				
			</NVBackup>			
			<ProductComment/>
		</Product>											
	</ProductList>
	<SchemeList>
		<Scheme name="SC5735">
			<File>
				<ID>FDL</ID>
				<IDAlias>FDL1</IDAlias>
				<Type>FDL</Type>
				<Block>
					<Base>0x50000000</Base>
					<Size>0x0</Size>
				</Block>
				<Flag>1</Flag>
				<CheckFlag>1</CheckFlag>
				<Description>First nand flash download image file</Description>
			</File>
			<File>
				<ID>FDL2</ID>
				<IDAlias>FDL2</IDAlias>
				<Type>NAND_FDL</Type>
				<Block>
					<Base>0x80000000</Base>
					<Size>0x0</Size>
				</Block>
				<Flag>1</Flag>
				<CheckFlag>1</CheckFlag>
				<Description>Second nand flash download image file</Description>
			</File>	
			<File>
				<ID>EraseUBOOT</ID>
				<IDAlias>EraseUBOOT</IDAlias>
				<Type>EraseFlash</Type>
				<Block>
					<Base>0x80000002</Base>
					<Size>0x0</Size>
				</Block>
				<Flag>0</Flag>
				<CheckFlag>2</CheckFlag>
				<Description>Erase UBootloader section</Description>
			</File>		
			<File>
				<ID>SPLLoader</ID>
				<IDAlias>SPL_LOADER</IDAlias>
				<Type>UBOOT_LOADER</Type>
				<Block>
					<Base>0x80000000</Base>
					<Size>0x0</Size>
				</Block>
				<Flag>1</Flag>
				<CheckFlag>0</CheckFlag>
				<Description>Bootloader image file</Description>
			</File>									
			<File>
				<ID>Kernel</ID>
				<IDAlias>Kernel</IDAlias>
				<Type>CODE</Type>
				<Block>
					<Base>0x8000001C</Base>
					<Size>0x0</Size>
				</Block>
				<Flag>1</Flag>
				<CheckFlag>0</CheckFlag>
				<Description>Kernel image file</Description>
			</File>
			<File>
				<ID>Recovery</ID>
				<IDAlias>Recovery</IDAlias>
				<Type>CODE</Type>
				<Block>
					<Base>0x80000022</Base>
					<Size>0x0</Size>
				</Block>
				<Flag>1</Flag>
				<CheckFlag>0</CheckFlag>
				<Description>Recovery image file</Description>
			</File>
			<File>
				<ID>System</ID>
				<IDAlias>System</IDAlias>
				<Type>YAFFS_IMG</Type>
				<Block>
					<Base>0x8000001E</Base>
					<Size>0x0</Size>
				</Block>
				<Flag>1</Flag>
				<CheckFlag>0</CheckFlag>
				<Description>System image file</Description>
			</File>
			<File>
				<ID>UserData</ID>
				<IDAlias>UserData</IDAlias>
				<Type>YAFFS_IMG</Type>
				<Block>
					<Base>0x80000028</Base>
					<Size>0x0</Size>
				</Block>
				<Flag>1</Flag>
				<CheckFlag>0</CheckFlag>
				<Description>UserData image file</Description>
			</File>
			<File>
				<ID>BootLogo</ID>
				<IDAlias>BootLogo</IDAlias>
				<Type>CODE</Type>
				<Block>
					<Base>0x80000018</Base>
					<Size>0x0</Size>
				</Block>
				<Flag>1</Flag>
				<CheckFlag>0</CheckFlag>
				<Description>BootLoader boot logo</Description>
			</File>
			<File>
				<ID>Fastboot_Logo</ID>
				<IDAlias>Fastboot_Logo</IDAlias>
				<Type>CODE</Type>
				<Block>
					<Base>0x8000001A</Base>
					<Size>0x0</Size>
				</Block>
				<Flag>1</Flag>
				<CheckFlag>2</CheckFlag>
				<Description>Fastboot Logo</Description>
			</File>
			<File>
				<ID>PhaseCheck</ID>
				<IDAlias>PhaseCheck</IDAlias>
				<Type>CODE</Type>
				<Block>
					<Base>0x80000014</Base>
					<Size>0x0</Size>
				</Block>
				<Flag>0</Flag>
				<CheckFlag>0</CheckFlag>
				<Description>First product engmode section</Description>
			</File>
			<File>
				<ID>EraseProdEng3</ID>
				<IDAlias>EraseProdEng3</IDAlias>
				<Type>EraseFlash</Type>
				<Block>
					<Base>0x80000016</Base>
					<Size>0x0</Size>
				</Block>
				<Flag>0</Flag>
				<CheckFlag>0</CheckFlag>
				<Description>Erase third product engmode section  operation</Description>
			</File>
			<File>
				<ID>Cache</ID>
				<IDAlias>Cache</IDAlias>
				<Type>YAFFS_IMG</Type>
				<Block>
					<Base>0x80000020</Base>
					<Size>0x0</Size>
				</Block>
				<Flag>1</Flag>
				<CheckFlag>2</CheckFlag>
				<Description>Download cache section operation</Description>
			</File>	
			<File>
				<ID>EraseMisc</ID>
				<IDAlias>EraseMisc</IDAlias>
				<Type>EraseFlash</Type>
				<Block>
					<Base>0x80000024</Base>
					<Size>0x0</Size>
				</Block>
				<Flag>0</Flag>
				<CheckFlag>0</CheckFlag>
				<Description>Erase misc section operation</Description>
			</File>
			<File>
				<ID>EraseSD</ID>
				<IDAlias>EraseSD</IDAlias>
				<Type>EraseFlash</Type>
				<Block>
					<Base>0x80000026</Base>
					<Size>0x0</Size>
				</Block>
				<Flag>0</Flag>
				<CheckFlag>0</CheckFlag>
				<Description>Erase SD section operation</Description>
			</File>
				<File>
				<ID>UBOOTLoader</ID>
				<IDAlias>UBOOT_LOADER</IDAlias>
				<Type>UBOOT_LOADER</Type>
				<Block>
					<Base>0x80000002</Base>
					<Size>0x0</Size>
				</Block>
				<Flag>1</Flag>
				<CheckFlag>0</CheckFlag>
				<Description>UBootloader image file</Description>
			</File>	
		</Scheme>
	</SchemeList>
</BMAConfig>
