<?xml version="1.0" encoding="UTF-8"?>
<!--  FlashTypeID: 0, means Nor Flash;1, means Nand Flash       -->
<!--  File-Flag: 0, means this file need not  input file path   -->
<!--             1, means this file need input file path        -->
<!--  File-CheckFlag: 0, this file is optional                  -->
<!--                  1, must select this file                  -->
<!--                  2, means not check this file in pack      -->
<!--  Mode: 0, means single mode; 1, means DualMode             -->
<!--  File-Type: MasterImage,means it will add BOOT_PARAM       -->
<!--             and OS_INFO information to file                -->
<!--  File-ID: Can not be changed,it is used by tools           -->
<!--  File-IDAlias: This is  for GUI display can be changed     -->
<BMAConfig>
	<ProductList>				
		<Product name="SC9620_MGB_3500">
			<SchemeName>SC9620_MGB_3500</SchemeName>
			<FlashTypeID>1</FlashTypeID>
			<Mode>0</Mode>
			<NvBaseAddrChangeFlag>0</NvBaseAddrChangeFlag>
			<NvNewBasePosition>1</NvNewBasePosition>
			<NVOrgFlag>1</NVOrgFlag>
			<NVOrgBasePosition>1</NVOrgBasePosition>
			<OmaDMFlag>1</OmaDMFlag>
			<NVBackup backup="1">
				<NVItem name="Calibration" backup="1">
					<ID>0xFFFFFFFF</ID>
					<BackupFlag use="1">
						<NVFlag name ="Replace" check ="0"></NVFlag>
						<NVFlag name ="Continue" check ="0"></NVFlag>
					</BackupFlag>
				</NVItem>
				<NVItem name="IMEI" backup="1">
					<ID>0xFFFFFFFF</ID>
					<BackupFlag use="1">
						<NVFlag name ="Continue" check ="0"></NVFlag>
					</BackupFlag>	
				</NVItem>
				<NVItem name="TD_Calibration" backup="1">
					<ID>0xFFFFFFFF</ID>
					<BackupFlag use="1">
						<NVFlag name ="Replace" check ="0"></NVFlag>
						<NVFlag name ="Continue" check ="0"></NVFlag>
					</BackupFlag>
				</NVItem>
				<NVItem name="LTE_Calibration" backup="1">
					<ID>0xFFFFFFFF</ID>
					<BackupFlag use="1">
						<NVFlag name ="Replace" check ="0"></NVFlag>
						<NVFlag name ="Continue" check ="0"></NVFlag>
					</BackupFlag>
				</NVItem>
				<NVItem name="LTE_Calibration_Indoor" backup="1">
					<ID>0x9C6</ID>
					<BackupFlag use="1">
						<NVFlag name="Replace" check="0"></NVFlag>
						<NVFlag name="Continue" check="0"></NVFlag>
					</BackupFlag>
				</NVItem>
				<NVItem name="BlueTooth" backup="1">
					<ID>0x191</ID>
					<BackupFlag use="1">
						<NVFlag name ="Continue" check ="0"></NVFlag>
					</BackupFlag>
				</NVItem>				
				<NVItem name="BandSelect" backup="1">
					<ID>0xD</ID>
					<BackupFlag use="1">
						<NVFlag name ="Continue" check ="0"></NVFlag>
					</BackupFlag>
				</NVItem>
				<NVItem name="WIFI" backup="1">
					<ID>0x199</ID>
					<BackupFlag use="1">
						<NVFlag name ="Continue" check ="1"></NVFlag>
					</BackupFlag>
				</NVItem>
			</NVBackup>			
			<ProductComment/>
		</Product>
		<Product name="SC9620_MGB_3131">
		<SchemeName>SC9620_MGB_3131</SchemeName>
			<FlashTypeID>1</FlashTypeID>
			<Mode>0</Mode>
			<NvBaseAddrChangeFlag>0</NvBaseAddrChangeFlag>
			<NvNewBasePosition>1</NvNewBasePosition>
			<NVOrgFlag>1</NVOrgFlag>
			<NVOrgBasePosition>1</NVOrgBasePosition>
			<OmaDMFlag>1</OmaDMFlag>
			<NVBackup backup="1">
				<NVItem name="Calibration" backup="1" scene="NV,NV_CA5">
					<ID>0xFFFFFFFF</ID>
					<BackupFlag use="1">
						<NVFlag name="Replace" check="0"></NVFlag>
						<NVFlag name="Continue" check="0"></NVFlag>
					</BackupFlag>
				</NVItem>
				<NVItem name="Calibration_Indoor" backup="1" scene="NV">
					<ID>0x51A</ID>
					<BackupFlag use="1">
						<NVFlag name="Replace" check="0"></NVFlag>
						<NVFlag name="Continue" check="0"></NVFlag>
					</BackupFlag>
				</NVItem>
				<NVItem name="IMEI" backup="1">
					<ID>0xFFFFFFFF</ID>
					<BackupFlag use="1">
						<NVFlag name="Continue" check="0"></NVFlag>
					</BackupFlag>
				</NVItem>
				<NVItem name="TD_Calibration" backup="1">
					<ID>0xFFFFFFFF</ID>
					<BackupFlag use="1">
						<NVFlag name="Replace" check="0"></NVFlag>
						<NVFlag name="Continue" check="0"></NVFlag>
					</BackupFlag>
				</NVItem>
				<NVItem name="LTE_Calibration" backup="1">
					<ID>0xFFFFFFFF</ID>
					<BackupFlag use="1">
						<NVFlag name="Replace" check="0"></NVFlag>
						<NVFlag name="Continue" check="0"></NVFlag>
					</BackupFlag>
				</NVItem>
				<NVItem name="LTE_Calibration_Indoor" backup="1" scene="NV_CA5">
					<ID>0x9C6</ID>
					<BackupFlag use="1">
						<NVFlag name="Replace" check="0"></NVFlag>
						<NVFlag name="Continue" check="0"></NVFlag>
					</BackupFlag>
				</NVItem>
				<NVItem name="BlueTooth" backup="1">
					<ID>0x191</ID>
					<BackupFlag use="1">
						<NVFlag name="Continue" check="0"></NVFlag>
					</BackupFlag>
				</NVItem>
				<NVItem name="BandSelect" backup="1">
					<ID>0xD</ID>
					<BackupFlag use="1">
						<NVFlag name="Continue" check="0"></NVFlag>
					</BackupFlag>
				</NVItem>
				<NVItem name="WIFI" backup="1">
					<ID>0x199</ID>
					<BackupFlag use="1">
						<NVFlag name="Continue" check="1"></NVFlag>
					</BackupFlag>
				</NVItem>
			</NVBackup>
			<ProductComment/>
		</Product>										
	</ProductList>
	<SchemeList>		
		<Scheme name="SC9620_MGB_3500">
			<File>
				<ID>FDL</ID>
				<IDAlias>FDL1</IDAlias>
				<Type>FDL</Type>
				<Block>
					<Base>0x20000000</Base>
					<Size>0x0</Size>
				</Block>
				<Flag>1</Flag>
				<CheckFlag>1</CheckFlag>
				<Description>First nand flash download image file</Description>
			</File>
			<File>
				<ID>FDL2</ID>
				<IDAlias>FDL2</IDAlias>
				<Type>NAND_FDL</Type>
				<Block>
					<Base>0x80000000</Base>
					<Size>0x0</Size>
				</Block>
				<Flag>1</Flag>
				<CheckFlag>1</CheckFlag>
				<Description>Second nand flash download image file</Description>
			</File>
			<File backup="1" CheckCali="GSM,TD,LTE">
				<ID>NV_CA5</ID>
				<IDAlias>NV_CA5</IDAlias>
				<Type>NV_NAND</Type>
				<Block>
					<Base>0x90000101</Base>
					<Size>0x0</Size>
				</Block>
				<Flag>1</Flag>
				<CheckFlag>2</CheckFlag>
				<Description>Download-NV image file</Description>
			</File>
			<File>
				<ID>BootLoader</ID>
				<IDAlias>BOOT_LOADER</IDAlias>
				<Type>BOOT_LOADER</Type>
				<Block>
					<Base>0x80000000</Base>
					<Size>0x0</Size>
				</Block>
				<Flag>1</Flag>
				<CheckFlag>2</CheckFlag>
				<Description>Bootloader image file</Description>
			</File>
			<File>
				<ID>DSP_PARM</ID>
				<IDAlias>DSP_PARM</IDAlias>
				<Type>CODE</Type>
				<Block>
					<Base>0x90000005</Base>
					<Size>0x0</Size>
				</Block>
				<Flag>1</Flag>
				<CheckFlag>2</CheckFlag>
				<Description>DSP code image file</Description>
			</File>
			<File>
				<ID>DSP_CA5</ID>
				<IDAlias>DSP_CA5</IDAlias>
				<Type>CODE</Type>
				<Block>
					<Base>0x90000105</Base>
					<Size>0x0</Size>
				</Block>
				<Flag>0</Flag>
				<CheckFlag>2</CheckFlag>
				<Description>DSP code image file</Description>
			</File>
			<File>
				<ID>DSP_LTE</ID>
				<IDAlias>DSP_LTE</IDAlias>
				<Type>CODE</Type>
				<Block>
					<Base>0x90000114</Base>
					<Size>0x0</Size>
				</Block>
				<Flag>1</Flag>
				<CheckFlag>2</CheckFlag>
				<Description>DSP code image file</Description>
			</File>
			<File>
				<ID>RomDisk</ID>
				<IDAlias>ROM_DISK</IDAlias>
				<Type>CODE</Type>
				<Block>
					<Base>0x9000000E</Base>
					<Size>0x0</Size>
				</Block>
				<Flag>1</Flag>
				<CheckFlag>2</CheckFlag>
				<Description>Be used to drivers auto run, depended on FDL2</Description>
			</File>
			<File>
				<ID>FLASH</ID>
				<IDAlias>FLASH_PARM</IDAlias>
				<Type>EraseFlash</Type>
				<Block>
					<Base>0x90000003</Base>
					<Size>0x20000</Size>
				</Block>
				<Flag>0</Flag>
				<CheckFlag>2</CheckFlag>
				<Description>Erase running-NV section operation</Description>
			</File>
			<File>
				<ID>FLASH_CA5</ID>
				<IDAlias>FLASH_CA5</IDAlias>
				<Type>EraseFlash</Type>
				<Block>
					<Base>0x90000103</Base>
					<Size>0x20000</Size>
				</Block>
				<Flag>0</Flag>
				<CheckFlag>2</CheckFlag>
				<Description>Erase running-NV section operation</Description>
			</File>
			<File backup="1">
				<ID>PhaseCheck</ID>
				<IDAlias>PHASE_CHECK</IDAlias>
				<Type>CODE</Type>
				<Block>
					<Base>0x90000002</Base>
					<Size>0x0</Size>
				</Block>
				<Flag>0</Flag>
				<CheckFlag>0</CheckFlag>
				<Description>Producing phases information section</Description>
			</File>
			<File>
				<ID>Kernel_PARM</ID>
				<IDAlias>KERNEL_PARM</IDAlias>
				<Type>MasterImage</Type>
				<Block>
					<Base>0x80000003</Base>
					<Size>0x0</Size>
				</Block>
				<Flag>1</Flag>
				<CheckFlag>2</CheckFlag>
				<Description>Kernel parm image file</Description>
			</File>
			<File>
				<ID>Kernel_CA5</ID>
				<IDAlias>KERNEL_CA5</IDAlias>
				<Type>MasterImage</Type>
				<Block>
					<Base>0x80000103</Base>
					<Size>0x0</Size>
				</Block>
				<Flag>1</Flag>
				<CheckFlag>2</CheckFlag>
				<Description>Kernel ca5 image file</Description>
			</File>
			<File>
				<ID>Kernel_SARM</ID>
				<IDAlias>KERNEL_SARM</IDAlias>
				<Type>MasterImage</Type>
				<Block>
					<Base>0x80000203</Base>
					<Size>0x0</Size>
				</Block>
				<Flag>1</Flag>
				<CheckFlag>2</CheckFlag>
				<Description>Kernel sarm image file</Description>
			</File>
			<File>
				<ID>ARM7_DFS</ID>
				<IDAlias>ARM7_DFS</IDAlias>
				<Type>CODE</Type>
				<Block>
					<Base>0x90000115</Base>
					<Size>0xF00</Size>
				</Block>
				<Flag>1</Flag>
				<CheckFlag>2</CheckFlag>
				<Description>DownLoad ARM7_DFS file</Description>
			</File>
			<File>
				<ID>CMDLINE</ID>
				<IDAlias>CMDLINE</IDAlias>
				<Type>CODE</Type>
				<Block>
					<Base>0x90000116</Base>
					<Size>0x10000</Size>
				</Block>
				<Flag>1</Flag>
				<CheckFlag>2</CheckFlag>
				<Description>DownLoad CMDLINE file</Description>
			</File>
		</Scheme>
		<Scheme name="SC9620_MGB_3131">
			<File>
				<ID>FDL</ID>
				<IDAlias>FDL1</IDAlias>
				<Type>FDL</Type>
				<Block>
					<Base>0x20000000</Base>
					<Size>0x0</Size>
				</Block>
				<Flag>1</Flag>
				<CheckFlag>1</CheckFlag>
				<Description>First nand flash download image file</Description>
			</File>
			<File>
				<ID>FDL2</ID>
				<IDAlias>FDL2</IDAlias>
				<Type>NAND_FDL</Type>
				<Block>
					<Base>0x80000000</Base>
					<Size>0x0</Size>
				</Block>
				<Flag>1</Flag>
				<CheckFlag>1</CheckFlag>
				<Description>Second nand flash download image file</Description>
			</File>
			<File backup="1" CheckCali="GSM,TD,LTE">
				<ID>NV</ID>
				<IDAlias>NV_PARM</IDAlias>
				<Type>NV_NAND</Type>
				<Block>
					<Base>0x90000001</Base>
					<Size>0x0</Size>
				</Block>
				<Flag>1</Flag>
				<CheckFlag>2</CheckFlag>
				<Description>Download-NV image file</Description>
			</File>
			<File backup="1" CheckCali="GSM,TD,LTE">
				<ID>NV_CA5</ID>
				<IDAlias>NV_CA5</IDAlias>
				<Type>NV_NAND</Type>
				<Block>
					<Base>0x90000101</Base>
					<Size>0x0</Size>
				</Block>
				<Flag>1</Flag>
				<CheckFlag>2</CheckFlag>
				<Description>Download-NV image file</Description>
			</File>
			<File>
				<ID>BootLoader</ID>
				<IDAlias>BOOT_LOADER</IDAlias>
				<Type>BOOT_LOADER</Type>
				<Block>
					<Base>0x80000000</Base>
					<Size>0x0</Size>
				</Block>
				<Flag>1</Flag>
				<CheckFlag>0</CheckFlag>
				<Description>Bootloader image file</Description>
			</File>
			<File>
				<ID>DSP_PARM</ID>
				<IDAlias>DSP_PARM</IDAlias>
				<Type>CODE</Type>
				<Block>
					<Base>0x90000005</Base>
					<Size>0x0</Size>
				</Block>
				<Flag>1</Flag>
				<CheckFlag>2</CheckFlag>
				<Description>DSP code image file</Description>
			</File>
			<File>
				<ID>DSP_CA5</ID>
				<IDAlias>DSP_CA5</IDAlias>
				<Type>CODE</Type>
				<Block>
					<Base>0x90000105</Base>
					<Size>0x0</Size>
				</Block>
				<Flag>0</Flag>
				<CheckFlag>2</CheckFlag>
				<Description>DSP code image file</Description>
			</File>
			<File>
				<ID>DSP_LTE</ID>
				<IDAlias>DSP_LTE</IDAlias>
				<Type>CODE</Type>
				<Block>
					<Base>0x90000114</Base>
					<Size>0x0</Size>
				</Block>
				<Flag>1</Flag>
				<CheckFlag>2</CheckFlag>
				<Description>DSP code image file</Description>
			</File>
			<File>
				<ID>RomDisk</ID>
				<IDAlias>ROM_DISK</IDAlias>
				<Type>CODE</Type>
				<Block>
					<Base>0x9000000E</Base>
					<Size>0x0</Size>
				</Block>
				<Flag>1</Flag>
				<CheckFlag>2</CheckFlag>
				<Description>Be used to drivers auto run, depended on FDL2</Description>
			</File>
			<File>
				<ID>FLASH</ID>
				<IDAlias>FLASH_PARM</IDAlias>
				<Type>EraseFlash</Type>
				<Block>
					<Base>0x90000003</Base>
					<Size>0x20000</Size>
				</Block>
				<Flag>0</Flag>
				<CheckFlag>2</CheckFlag>
				<Description>Erase running-NV section operation</Description>
			</File>
			<File>
				<ID>FLASH_CA5</ID>
				<IDAlias>FLASH_CA5</IDAlias>
				<Type>EraseFlash</Type>
				<Block>
					<Base>0x90000103</Base>
					<Size>0x20000</Size>
				</Block>
				<Flag>0</Flag>
				<CheckFlag>2</CheckFlag>
				<Description>Erase running-NV section operation</Description>
			</File>
			<File backup="1">
				<ID>PhaseCheck</ID>
				<IDAlias>PHASE_CHECK</IDAlias>
				<Type>CODE</Type>
				<Block>
					<Base>0x90000002</Base>
					<Size>0x0</Size>
				</Block>
				<Flag>0</Flag>
				<CheckFlag>0</CheckFlag>
				<Description>Producing phases information section</Description>
			</File>
			<File>
				<ID>Kernel_PARM</ID>
				<IDAlias>KERNEL_PARM</IDAlias>
				<Type>MasterImage</Type>
				<Block>
					<Base>0x80000003</Base>
					<Size>0x0</Size>
				</Block>
				<Flag>1</Flag>
				<CheckFlag>2</CheckFlag>
				<Description>Kernel parm image file</Description>
			</File>
			<File>
				<ID>Kernel_CA5</ID>
				<IDAlias>KERNEL_CA5</IDAlias>
				<Type>MasterImage</Type>
				<Block>
					<Base>0x80000103</Base>
					<Size>0x0</Size>
				</Block>
				<Flag>1</Flag>
				<CheckFlag>2</CheckFlag>
				<Description>Kernel ca5 image file</Description>
			</File>
			<File>
				<ID>Kernel_SARM</ID>
				<IDAlias>KERNEL_SARM</IDAlias>
				<Type>MasterImage</Type>
				<Block>
					<Base>0x80000203</Base>
					<Size>0x0</Size>
				</Block>
				<Flag>1</Flag>
				<CheckFlag>2</CheckFlag>
				<Description>Kernel sarm image file</Description>
			</File>
			<File>
				<ID>ARM7_DFS</ID>
				<IDAlias>ARM7_DFS</IDAlias>
				<Type>CODE</Type>
				<Block>
					<Base>0x90000115</Base>
					<Size>0xF00</Size>
				</Block>
				<Flag>1</Flag>
				<CheckFlag>2</CheckFlag>
				<Description>DownLoad ARM7_DFS file</Description>
			</File>
			<File>
				<ID>CMDLINE</ID>
				<IDAlias>CMDLINE</IDAlias>
				<Type>CODE</Type>
				<Block>
					<Base>0x90000116</Base>
					<Size>0x10000</Size>
				</Block>
				<Flag>1</Flag>
				<CheckFlag>2</CheckFlag>
				<Description>DownLoad CMDLINE file</Description>
			</File>
		</Scheme>
	</SchemeList>
</BMAConfig>
