<?xml version="1.0" encoding="UTF-8"?>
<!--  FlashTypeID: 0, means Nor Flash;1, means Nand Flash       -->
<!--  File-Flag: 0, means this file need not  input file path   -->
<!--             1, means this file need input file path        -->
<!--  File-CheckFlag: 0, this file is optional                  -->
<!--                  1, must select this file                  -->
<!--                  2, means not check this file in pack      -->
<!--  Mode: 0, means single mode; 1, means DualMode             -->
<!--  File-Type: MasterImage,means it will add BOOT_PARAM       -->
<!--             and OS_INFO information to file                -->
<!--  File-ID: Can not be changed,it is used by tools           -->
<!--  File-IDAlias: This is  for GUI display can be changed     -->
<BMAConfig>
	<ProductList>	
			<Product name="6600L">
			<SchemeName>6600L_Nor128</SchemeName>
			<FlashTypeID>0</FlashTypeID>
			<Mode>0</Mode>						
			<NVBackup backup="1">
				<NVItem name="Calibration" backup="1">
					<ID>0xFFFFFFFF</ID>
					<BackupFlag use="1">
						<NVFlag name ="Replace" check ="0"></NVFlag>
						<NVFlag name ="Continue" check ="0"></NVFlag>
					</BackupFlag>
				</NVItem>
				<NVItem name="IMEI" backup="1">
					<ID>0xFFFFFFFF</ID>
					<BackupFlag use="1">
						<NVFlag name ="Continue" check ="0"></NVFlag>
					</BackupFlag>
				</NVItem>				
				<NVItem name="BlueTooth" backup="1">
					<ID>0x191</ID>
					<BackupFlag use="1">
						<NVFlag name ="Continue" check ="0"></NVFlag>
					</BackupFlag>
				</NVItem>
				<NVItem name="BandSelect" backup="1">
					<ID>0xD</ID>
					<BackupFlag use="1">
						<NVFlag name ="Continue" check ="0"></NVFlag>
					</BackupFlag>
				</NVItem>	
				<NVItem name="MMITest" backup="1">
					<ID>0x19A</ID>
					<BackupFlag use="1">
						<NVFlag name ="Continue" check ="1"></NVFlag>
					</BackupFlag>
				</NVItem>	
				<NVItem name="WIFI" backup="1">
					<ID>0x199</ID>
					<BackupFlag use="1">
						<NVFlag name ="Continue" check ="1"></NVFlag>
					</BackupFlag>
				</NVItem>				
			</NVBackup>
			<ProductComment/>
			<Chips enable="0">
			    <ChipItem id="0x2222" name="L2"/>
			    <ChipItem id="0x7777" name="L7"/>
			</Chips>
		</Product>
		<Product name="6600L_2LCD">
			<SchemeName>6600L_Nor128_2LCD</SchemeName>
			<FlashTypeID>0</FlashTypeID>
			<Mode>0</Mode>						
			<NVBackup backup="1">
				<NVItem name="Calibration" backup="1">
					<ID>0xFFFFFFFF</ID>
					<BackupFlag use="1">
						<NVFlag name ="Replace" check ="0"></NVFlag>
						<NVFlag name ="Continue" check ="0"></NVFlag>
					</BackupFlag>
				</NVItem>
				<NVItem name="IMEI" backup="1">
					<ID>0xFFFFFFFF</ID>
					<BackupFlag use="1">
						<NVFlag name ="Continue" check ="0"></NVFlag>
					</BackupFlag>
				</NVItem>				
				<NVItem name="BlueTooth" backup="1">
					<ID>0x191</ID>
					<BackupFlag use="1">
						<NVFlag name ="Continue" check ="0"></NVFlag>
					</BackupFlag>
				</NVItem>
				<NVItem name="BandSelect" backup="1">
					<ID>0xD</ID>
					<BackupFlag use="1">
						<NVFlag name ="Continue" check ="0"></NVFlag>
					</BackupFlag>
				</NVItem>	
				<NVItem name="MMITest" backup="1">
					<ID>0x19A</ID>
					<BackupFlag use="1">
						<NVFlag name ="Continue" check ="1"></NVFlag>
					</BackupFlag>
				</NVItem>		
				<NVItem name="WIFI" backup="1">
					<ID>0x199</ID>
					<BackupFlag use="1">
						<NVFlag name ="Continue" check ="1"></NVFlag>
					</BackupFlag>
				</NVItem>					
			</NVBackup>
			<ProductComment/>
			<Chips enable="0">
			    <ChipItem id="0x2222" name="L2"/>
			    <ChipItem id="0x7777" name="L7"/>
			</Chips>
		</Product>		
		<Product name="6600L_Format">
		<SchemeName>6600L_Format</SchemeName>
			<FlashTypeID>0</FlashTypeID>
			<Mode>0</Mode>						
			<NVBackup backup="1">
				<NVItem name="Calibration" backup="1">
					<ID>0xFFFFFFFF</ID>
					<BackupFlag use="1">
						<NVFlag name ="Replace" check ="0"></NVFlag>
						<NVFlag name ="Continue" check ="0"></NVFlag>
					</BackupFlag>
				</NVItem>
				<NVItem name="IMEI" backup="1">
					<ID>0xFFFFFFFF</ID>
					<BackupFlag use="1">
						<NVFlag name ="Continue" check ="0"></NVFlag>
					</BackupFlag>
				</NVItem>				
				<NVItem name="BlueTooth" backup="1">
					<ID>0x191</ID>
					<BackupFlag use="1">
						<NVFlag name ="Continue" check ="0"></NVFlag>
					</BackupFlag>
				</NVItem>
				<NVItem name="BandSelect" backup="1">
					<ID>0xD</ID>
					<BackupFlag use="1">
						<NVFlag name ="Continue" check ="0"></NVFlag>
					</BackupFlag>
				</NVItem>	
				<NVItem name="MMITest" backup="1">
					<ID>0x19A</ID>
					<BackupFlag use="1">
						<NVFlag name ="Continue" check ="1"></NVFlag>
					</BackupFlag>
				</NVItem>	
				<NVItem name="WIFI" backup="1">
					<ID>0x199</ID>
					<BackupFlag use="1">
						<NVFlag name ="Continue" check ="1"></NVFlag>
					</BackupFlag>
				</NVItem>					
			</NVBackup>
			<ProductComment/>
			<Chips enable="0">
			    <ChipItem id="0x2222" name="L2"/>
			    <ChipItem id="0x7777" name="L7"/>
			</Chips>
		</Product>													
	</ProductList>
	<SchemeList>	
		<Scheme name="6600L_Nor128">
			<File>
				<ID>FDL</ID>
				<IDAlias>FDL</IDAlias>				
				<Type>FDL</Type>
				<Block>
					<Base>0x34000000</Base>
					<Size>0x10000</Size>
				</Block>
				<Flag>1</Flag>
				<CheckFlag>1</CheckFlag>
				<Filter>nor_fdl.bin;*fdl*.bin</Filter>
				<Description>Nor flash download image file</Description>
			</File>
			<File>
				<ID>NV</ID>
				<IDAlias>NV</IDAlias>
				<Type>NV</Type>
				<Block>
					<Base>0x90000001</Base>
					<Size>0x8000</Size>
				</Block>							
				<Flag>1</Flag>
				<CheckFlag>0</CheckFlag>
				<Filter>nvitem*release.bin;nvitem*.bin</Filter>
				<Description>Download-NV image file</Description>
			</File>
			<File>
				<ID>PS</ID>
				<IDAlias>ROM</IDAlias>
				<Type>CODE</Type>
				<Block>
					<Base>0x80000003</Base>
					<Size>0x1000000</Size>
				</Block>
				<Flag>1</Flag>
				<CheckFlag>0</CheckFlag>
				<Filter>*6600*.bin;*_2LCD*.bin;*AUTOTEST*.bin</Filter>
				<Description>Protocol station image file</Description>
			</File>	
			<File>
				<ID>MMIRes</ID>
				<IDAlias>Res</IDAlias>
				<Type>CODE</Type>
				<Block>
					<Base>0x90000004</Base>
					<Size>0x800000</Size>
				</Block>
				<Flag>1</Flag>
				<CheckFlag>0</CheckFlag>
				<Filter>*_extres.bin</Filter>
				<Description>MMI resource image file</Description>
			</File>	
			<File>
				<ID>UDISK_IMG</ID>
				<IDAlias>UDISK</IDAlias>
				<Type>UDISK_IMG</Type>
				<Block>
					<Base>0x90000006</Base>					
					<Size>0x200000</Size>
				</Block>
				<Flag>1</Flag>
				<CheckFlag>2</CheckFlag>
				<Filter>udisk_img_*.bin</Filter>
				<Description>UDisk image file, depended on costomer's need</Description>
			</File>		
			<File>
				<ID>FLASH</ID>
				<IDAlias>FLASH</IDAlias>
				<Type>EraseFlash</Type>
				<Block>
					<Base>0x90000003</Base>
					<Size>0xC0000</Size>
				</Block>
				<Flag>0</Flag>
				<CheckFlag>0</CheckFlag>
				<Description>Erase running-NV section operation</Description>
			</File>
			<File>
				<ID>LCD</ID>
				<IDAlias>LCD</IDAlias>
				<Type>CODE</Type>
				<Block>
					<Base>0x90000008</Base>
					<Size>0x1000</Size>
				</Block>
				<Flag>1</Flag>
				<CheckFlag>0</CheckFlag>
				<Description>Download Lcd Driver File</Description>
			</File>
		</Scheme>	
		<Scheme name="6600L_Nor128_2LCD">
			<File>
				<ID>FDL</ID>
				<IDAlias>FDL</IDAlias>				
				<Type>FDL</Type>
				<Block>
					<Base>0x34000000</Base>
					<Size>0x10000</Size>
				</Block>
				<Flag>1</Flag>
				<CheckFlag>1</CheckFlag>
				<Filter>nor_fdl.bin;*fdl*.bin</Filter>
				<Description>Nor flash download image file</Description>
			</File>
			<File>
				<ID>NV</ID>
				<IDAlias>NV</IDAlias>
				<Type>NV</Type>
				<Block>
					<Base>0x90000001</Base>
					<Size>0x8000</Size>
				</Block>							
				<Flag>1</Flag>
				<CheckFlag>0</CheckFlag>
				<Filter>nvitem*release.bin;nvitem*.bin</Filter>
				<Description>Download-NV image file</Description>
			</File>
			<File>
				<ID>PS</ID>
				<IDAlias>ROM</IDAlias>
				<Type>CODE</Type>
				<Block>
					<Base>0x80000003</Base>
					<Size>0x1000000</Size>
				</Block>
				<Flag>1</Flag>
				<CheckFlag>0</CheckFlag>
				<Filter>*6600*.bin;*_2LCD*.bin;*AUTOTEST*.bin</Filter>
				<Description>Protocol station image file</Description>
			</File>	
			<File>
				<ID>MMIRes</ID>
				<IDAlias>Res</IDAlias>
				<Type>CODE</Type>
				<Block>
					<Base>0x90000004</Base>
					<Size>0x800000</Size>
				</Block>
				<Flag>1</Flag>
				<CheckFlag>0</CheckFlag>
				<Filter>*_extres.bin</Filter>
				<Description>MMI resource image file</Description>
			</File>	
			<File>
				<ID>UDISK_IMG</ID>
				<IDAlias>UDISK</IDAlias>
				<Type>UDISK_IMG</Type>
				<Block>
					<Base>0x90000006</Base>					
					<Size>0x200000</Size>
				</Block>
				<Flag>1</Flag>
				<CheckFlag>2</CheckFlag>
				<Filter>udisk_img_*.bin</Filter>
				<Description>UDisk image file, depended on costomer's need</Description>
			</File>		
			<File>
				<ID>FLASH</ID>
				<IDAlias>FLASH</IDAlias>
				<Type>EraseFlash</Type>
				<Block>
					<Base>0x90000003</Base>
					<Size>0xC0000</Size>
				</Block>
				<Flag>0</Flag>
				<CheckFlag>0</CheckFlag>
				<Description>Erase running-NV section operation</Description>
			</File>
			<File>
				<ID>LCD</ID>
				<IDAlias>LCD</IDAlias>
				<Type>CODE</Type>
				<Block>
					<Base>0x90000008</Base>
					<Size>0x1000</Size>
				</Block>
				<Flag>1</Flag>
				<CheckFlag>0</CheckFlag>
				<Description>Download Lcd Driver File</Description>
			</File>
			<File>
				<ID>SUB_LCD</ID>
				<IDAlias>SUB_LCD</IDAlias>
				<Type>CODE</Type>
				<Block>
					<Base>0x90000009</Base>
					<Size>0x1000</Size>
				</Block>
				<Flag>1</Flag>
				<CheckFlag>0</CheckFlag>
				<Description>Download Lcd Driver File</Description>
			</File>
		</Scheme>
		<Scheme name="6600L_Format">
		<File>
				<ID>FDL</ID>
				<IDAlias>FDL</IDAlias>				
				<Type>FDL</Type>
				<Block>
					<Base>0x34000000</Base>
					<Size>0x10000</Size>
				</Block>
				<Flag>1</Flag>
				<CheckFlag>1</CheckFlag>
				<Description>Nor flash download image file</Description>
			</File>			
			<File>
				<ID>Format_3216</ID>
				<Type>EraseFlash</Type>
				<Block>
					<Base>0x30000000</Base>
					<Size>0x400000</Size>
				</Block>
				<Flag>0</Flag>
				<CheckFlag>0</CheckFlag>
			</File>
			<File>
				<ID>Format_6432</ID>
				<Type>EraseFlash</Type>
				<Block>
					<Base>0x30000000</Base>
					<Size>0x800000</Size>
				</Block>
				<Flag>0</Flag>
				<CheckFlag>0</CheckFlag>
			</File>
			<File>
				<ID>Format_12832</ID>
				<Type>EraseFlash</Type>
				<Block>
					<Base>0x30000000</Base>
					<Size>0x01000000</Size>
				</Block>
				<Flag>0</Flag>
				<CheckFlag>0</CheckFlag>
			</File>
			<File>
				<ID>Format_25664</ID>
				<Type>EraseFlash</Type>
				<Block>
					<Base>0x30000000</Base>
					<Size>0x02000000</Size>
				</Block>
				<Flag>0</Flag>
				<CheckFlag>0</CheckFlag>
			</File>
			
			<File>
				<ID>FormatFS</ID>
				<IDAlias>FormatFS</IDAlias>
				<Type>EraseFlash</Type>
				<Block>
					<Base>0x80000008</Base>
					<Size>0x0</Size>
				</Block>
				<Flag>0</Flag>
				<CheckFlag>0</CheckFlag>
				<Description>Format FFS section operation</Description>
			</File>
						
			<File>
				<ID>FormatHFS</ID>
				<IDAlias>FormatHFS</IDAlias>
				<Type>EraseFlash</Type>
				<Block>
					<Base>0x90000007</Base>
					<Size>0x0</Size>
				</Block>
				<Flag>0</Flag>
				<CheckFlag>0</CheckFlag>
				<Description>Format Hiden FFS section operation</Description>
			</File>
			
            <File>
				<ID>DownLoad_3216</ID>
				<Type>CODE</Type>
				<Block>
					<Base>0x30000000</Base>
					<Size>0x400000</Size>
				</Block>
				<Flag>1</Flag>
				<CheckFlag>0</CheckFlag>
			</File>	
            <File>
				<ID>DownLoad_6432</ID>
				<Type>CODE</Type>
				<Block>
					<Base>0x30000000</Base>
					<Size>0x800000</Size>
				</Block>
				<Flag>1</Flag>
				<CheckFlag>0</CheckFlag>
			</File>	
            <File>
				<ID>DownLoad_12832</ID>
				<Type>CODE</Type>
				<Block>
					<Base>0x30000000</Base>
					<Size>0x01000000</Size>
				</Block>
				<Flag>1</Flag>
				<CheckFlag>0</CheckFlag>
			</File>	
            <File>
				<ID>DownLoad_25664</ID>
				<Type>CODE</Type>
				<Block>
					<Base>0x30000000</Base>
					<Size>0x02000000</Size>
				</Block>
				<Flag>1</Flag>
				<CheckFlag>0</CheckFlag>
			</File>	 
		</Scheme>
								
	</SchemeList>
</BMAConfig>
