<BMAConfig>
	<ProductList>
		<Product name="M7281">
			<SchemeName>M7281</SchemeName>
			<FlashTypeID>1</FlashTypeID>
			<Mode>0</Mode>
			<NvBaseAddrChangeFlag>0</NvBaseAddrChangeFlag>
			<NvNewBasePosition>1</NvNewBasePosition>
			<NVOrgFlag>1</NVOrgFlag>
			<NVOrgBasePosition>1</NVOrgBasePosition>
			<OmaDMFlag>1</OmaDMFlag>
			<RebootByAT>1</RebootByAT>
			<NVBackup backup="1">
				<NVItem name="Calibration" backup="1">
					<ID>0xFFFFFFFF</ID>
					<BackupFlag use="1">
						<NVFlag name="Replace" check="0"></NVFlag>
						<NVFlag name="Continue" check="0"></NVFlag>
					</BackupFlag>
				</NVItem>
				<NVItem name="IMEI" backup="1">
					<ID>0xFFFFFFFF</ID>
					<BackupFlag use="1">
						<NVFlag name="Continue" check="0"></NVFlag>
					</BackupFlag>
				</NVItem>
				<NVItem name="W_Calibration" backup="1">
					<ID>0x12D</ID>
					<BackupFlag use="1">
						<NVFlag name="Continue" check="0"></NVFlag>
					</BackupFlag>
				</NVItem>
				<NVItem name="BlueTooth" backup="1">
					<ID>0x191</ID>
					<BackupFlag use="1">
						<NVFlag name="Continue" check="0"></NVFlag>
					</BackupFlag>
				</NVItem>
				<NVItem name="BandSelect" backup="1">
					<ID>0xD</ID>
					<BackupFlag use="1">
						<NVFlag name="Continue" check="0"></NVFlag>
					</BackupFlag>
				</NVItem>
				<NVItem name="WIFI" backup="1">
					<ID>0x199</ID>
					<BackupFlag use="1">
						<NVFlag name="Continue" check="1"></NVFlag>
					</BackupFlag>
				</NVItem>
			</NVBackup>
			<ProductComment/>
		</Product>
		<Product name="M7281NV">
			<SchemeName>M7281NV</SchemeName>
			<FlashTypeID>1</FlashTypeID>
			<Mode>0</Mode>
			<NvBaseAddrChangeFlag>0</NvBaseAddrChangeFlag>
			<NvNewBasePosition>1</NvNewBasePosition>
			<NVOrgFlag>1</NVOrgFlag>
			<NVOrgBasePosition>1</NVOrgBasePosition>
			<OmaDMFlag>1</OmaDMFlag>
			<RebootByAT>1</RebootByAT>
			<NVBackup backup="1">
				<NVItem name="Calibration" backup="1">
					<ID>0xFFFFFFFF</ID>
					<BackupFlag use="1">
						<NVFlag name="Replace" check="0"></NVFlag>
						<NVFlag name="Continue" check="0"></NVFlag>
					</BackupFlag>
				</NVItem>
				<NVItem name="IMEI" backup="1">
					<ID>0xFFFFFFFF</ID>
					<BackupFlag use="1">
						<NVFlag name="Continue" check="0"></NVFlag>
					</BackupFlag>
				</NVItem>
				<NVItem name="W_Calibration" backup="1">
					<ID>0x12D</ID>
					<BackupFlag use="1">
						<NVFlag name="Continue" check="0"></NVFlag>
					</BackupFlag>
				</NVItem>
				<NVItem name="BlueTooth" backup="1">
					<ID>0x191</ID>
					<BackupFlag use="1">
						<NVFlag name="Continue" check="0"></NVFlag>
					</BackupFlag>
				</NVItem>
				<NVItem name="BandSelect" backup="1">
					<ID>0xD</ID>
					<BackupFlag use="1">
						<NVFlag name="Continue" check="0"></NVFlag>
					</BackupFlag>
				</NVItem>
				<NVItem name="WIFI" backup="1">
					<ID>0x199</ID>
					<BackupFlag use="1">
						<NVFlag name="Continue" check="1"></NVFlag>
					</BackupFlag>
				</NVItem>
			</NVBackup>
			<ProductComment/>
		</Product>
	</ProductList>
	<SchemeList>
		<Scheme name="M7281">
			<File>
				<ID>FDL</ID>
				<IDAlias>FDL1</IDAlias>
				<Type>FDL_6820</Type>
				<Block>
					<Base>0x40000000</Base>
					<Size>0x0</Size>
				</Block>
				<Flag>1</Flag>
				<CheckFlag>1</CheckFlag>
				<Filter>fdl1.bin;*fdl*.bin</Filter>
				<Description>First nand flash download image file</Description>
			</File>
			<File>
				<ID>FDL2</ID>
				<IDAlias>FDL2</IDAlias>
				<Type>NAND_FDL_6820</Type>
				<Block>
					<Base>0x00000000</Base>
					<Size>0x0</Size>
				</Block>
				<Flag>1</Flag>
				<CheckFlag>1</CheckFlag>
				<Filter>fdl2.bin</Filter>
				<Description>Second nand flash download image file</Description>
			</File>
			<File>
				<ID>NV</ID>
				<IDAlias>NV</IDAlias>
				<Type>NV_NAND</Type>
				<Block>
					<Base>0x90000001</Base>
					<Size>0x0</Size>
				</Block>
				<Block>
					<Base>0x9000000C</Base>
					<Size>0x0</Size>
				</Block>
				<Flag>1</Flag>
				<CheckFlag>0</CheckFlag>
				<Filter>nvitem*release.bin;nvitem*.bin</Filter>
				<Description>Download-NV image file</Description>
			</File>
			<File>
				<ID>BootLoader</ID>
				<IDAlias>BOOT_LOADER</IDAlias>
				<Type>BOOT_LOADER</Type>
				<Block>
					<Base>0x80000000</Base>
					<Size>0x0</Size>
				</Block>
				<Flag>1</Flag>
				<CheckFlag>0</CheckFlag>
				<Filter>bootloader.bin</Filter>
				<Description>Bootloader image file</Description>
			</File>
			<File>
				<ID>KernelImg</ID>
				<IDAlias>KERNEL_IMG</IDAlias>
				<Type>MasterImage</Type>
				<Block>
					<Base>0x80000003</Base>
					<Size>0x0</Size>
				</Block>
				<Flag>1</Flag>
				<CheckFlag>0</CheckFlag>
				<Filter>*sc7702*.bin</Filter>
				<Description>Kernel image file</Description>
			</File>
			<File>
				<ID>DSPCode</ID>
				<IDAlias>DSP_CODE</IDAlias>
				<Type>CODE</Type>
				<Block>
					<Base>0x90000005</Base>
					<Size>0x0</Size>
				</Block>
				<Flag>1</Flag>
				<CheckFlag>0</CheckFlag>
				<Filter>*dsp*.bin</Filter>
				<Description>DSP code image file</Description>
			</File>
			<File>
				<ID>ControlData</ID>
				<IDAlias>CONTROL_DATA</IDAlias>
				<Type>CODE</Type>
				<Block>
					<Base>0x90000011</Base>
					<Size>0x0</Size>
				</Block>
				<Flag>1</Flag>
				<CheckFlag>2</CheckFlag>
				<Filter>controldata.bin</Filter>
				<Description>Control data file</Description>
			</File>
			<File>
				<ID>RomDisk</ID>
				<IDAlias>ROM_DISK</IDAlias>
				<Type>CODE</Type>
				<Block>
					<Base>0x9000000E</Base>
					<Size>0x0</Size>
				</Block>
				<Flag>1</Flag>
				<CheckFlag>2</CheckFlag>
				<Description>Be used to drivers auto run, depended on FDL2</Description>
			</File>
			<File>
				<ID>FLASH</ID>
				<IDAlias>FLASH</IDAlias>
				<Type>EraseFlash</Type>
				<Block>
					<Base>0x90000003</Base>
					<Size>0x4000</Size>
				</Block>
				<Flag>0</Flag>
				<CheckFlag>0</CheckFlag>
				<Description>Erase running-NV section operation</Description>
			</File>
			<File>
				<ID>PhaseCheck</ID>
				<IDAlias>PHASE_CHECK</IDAlias>
				<Type>CODE</Type>
				<Block>
					<Base>0x90000002</Base>
					<Size>0x0</Size>
				</Block>
				<Flag>0</Flag>
				<CheckFlag>0</CheckFlag>
				<Description>Producing phases information section</Description>
			</File>
			<File>
				<ID>RESTAUTODOWNFLAG</ID>
				<IDAlias>RESETFLAG</IDAlias>
				<Type>EraseFlash</Type>
				<Block>
					<Base>0x90000010</Base>
					<Size>0x0</Size>
				</Block>
				<Flag>0</Flag>
				<CheckFlag>2</CheckFlag>
				<Description>Reset auto downloader flag</Description>
			</File>
		</Scheme>
		<Scheme name="M7281NV">
			<File>
				<ID>FDL</ID>
				<IDAlias>FDL1</IDAlias>
				<Type>FDL_6820</Type>
				<Block>
					<Base>0x40000000</Base>
					<Size>0x0</Size>
				</Block>
				<Flag>1</Flag>
				<CheckFlag>1</CheckFlag>
				<Filter>fdl1.bin;*fdl*.bin</Filter>
				<Description>First nand flash download image file</Description>
			</File>
			<File>
				<ID>FDL2</ID>
				<IDAlias>FDL2</IDAlias>
				<Type>NAND_FDL_6820</Type>
				<Block>
					<Base>0x00000000</Base>
					<Size>0x0</Size>
				</Block>
				<Flag>1</Flag>
				<CheckFlag>1</CheckFlag>
				<Filter>fdl2.bin</Filter>
				<Description>Second nand flash download image file</Description>
			</File>
			<File>
				<ID>NV</ID>
				<IDAlias>NV</IDAlias>
				<Type>NV_NAND</Type>
				<Block>
					<Base>0x90000001</Base>
					<Size>0x0</Size>
				</Block>
				<Block>
					<Base>0x9000000C</Base>
					<Size>0x0</Size>
				</Block>
				<Flag>1</Flag>
				<CheckFlag>0</CheckFlag>
				<Filter>nvitem*release.bin;nvitem*.bin</Filter>
				<Description>Download-NV image file</Description>
			</File>			
			<File>
				<ID>FLASH</ID>
				<IDAlias>FLASH</IDAlias>
				<Type>EraseFlash</Type>
				<Block>
					<Base>0x90000003</Base>
					<Size>0x4000</Size>
				</Block>
				<Flag>0</Flag>
				<CheckFlag>0</CheckFlag>
				<Description>Erase running-NV section operation</Description>
			</File>
		</Scheme>
	</SchemeList>
</BMAConfig>
