<?xml version="1.0" encoding="UTF-8"?>
<!--  FlashTypeID: 0, means Nor Flash;1, means Nand Flash       -->
<!--  File-Flag: 0, means this file need not  input file path   -->
<!--             1, means this file need input file path        -->
<!--  File-CheckFlag: 0, this file is optional                  -->
<!--                  1, must select this file                  -->
<!--                  2, means not check this file in pack      -->
<!--  Mode: 0, not uesed; 1, means nand page size and oob care  -->
<!--  File-Type: MasterImage,means it will add BOOT_PARAM       -->
<!--             and OS_INFO information to file                -->
<!--  File-ID: Can not be changed,it is used by tools           -->
<!--  File-IDAlias: This is  for GUI display can be changed     -->
<BMAConfig>
  <ProductList>   
    <Product name="SC6815_NAND">
      <SchemeName>SC6815_NAND</SchemeName>
      <FlashTypeID>1</FlashTypeID>
      <Mode>0</Mode>      
      <NVBackup backup="1">
        <NVItem name="Calibration" backup="1">
          <ID>0xFFFFFFFF</ID>
          <BackupFlag use="1">
            <NVFlag name ="Replace" check ="0"></NVFlag>
            <NVFlag name ="Continue" check ="0"></NVFlag>
          </BackupFlag>
        </NVItem>
        <NVItem name="IMEI" backup="1">
          <ID>0xFFFFFFFF</ID>
          <BackupFlag use="0"></BackupFlag>
        </NVItem>
        <NVItem name="TD_Calibration" backup="1">
          <ID>0xFFFFFFFF</ID>
          <BackupFlag use="1">
            <NVFlag name ="Replace" check ="0"></NVFlag>
            <NVFlag name ="Continue" check ="0"></NVFlag>
          </BackupFlag>
        </NVItem>   
        <NVItem name="BlueTooth" backup="1">
          <ID>0x191</ID>
          <BackupFlag use="1">
            <NVFlag name ="Continue" check ="0"></NVFlag>
          </BackupFlag>
        </NVItem>
        <NVItem name="BandSelect" backup="1">
          <ID>0xD</ID>
          <BackupFlag use="1">
            <NVFlag name ="Continue" check ="0"></NVFlag>
          </BackupFlag>
        </NVItem>
        <NVItem name="WIFI" backup="1">
          <ID>0x199</ID>
          <BackupFlag use="1">
            <NVFlag name ="Continue" check ="1"></NVFlag>
          </BackupFlag>
        </NVItem>
        <NVItem name="MMITest" backup="1">
          <ID>0x19A</ID>
          <BackupFlag use="1">
            <NVFlag name ="Continue" check ="1"></NVFlag>
          </BackupFlag>
        </NVItem>
        <NVItem name="WIFICal1" backup="1">
          <ID>0x19F</ID>
          <BackupFlag use="1">
            <NVFlag name ="Continue" check ="1"></NVFlag>
          </BackupFlag>
        </NVItem>
        <NVItem name="WIFICal2" backup="1">
          <ID>0x1A0</ID>
          <BackupFlag use="1">
            <NVFlag name ="Continue" check ="1"></NVFlag>
          </BackupFlag>
        </NVItem>
        <NVItem name="WIFICal3" backup="1">
          <ID>0x1A1</ID>
          <BackupFlag use="1">
            <NVFlag name ="Continue" check ="1"></NVFlag>
          </BackupFlag>
        </NVItem> 
      </NVBackup> 
      <Partitions>
        <!-- size unit is MBytes -->
        <!--
        <Partition id="spl"             size="0"/> 
        <Partition id="2ndbl"           size="0"/> 
        -->
        <Partition id="prodnv"          size="5"/> 
        <Partition id="miscdata"        size="1"/>  
        <Partition id="tdfixnv1"        size="1"/> 
        <Partition id="tdfixnv2"        size="1"/>
        <Partition id="wcnfixnv1"       size="1"/> 
        <Partition id="wcnfixnv2"       size="1"/>  
        <Partition id="tdruntimenv1"    size="1"/> 
        <Partition id="tdruntimenv2"    size="1"/>  
        <Partition id="wcnruntimenv1"   size="1"/> 
        <Partition id="wcnruntimenv2"   size="1"/>              
        <Partition id="tdmodem"         size="6"/> 
        <Partition id="tddsp"           size="2"/>          
        <Partition id="wcnmodem"        size="1"/>              
        <Partition id="logo"            size="1"/> 
	<Partition id="hwinfo" 		size="1"/>
        <Partition id="boot"            size="11"/> 
        <Partition id="system"          size="250"/> 
        <Partition id="cache"           size="7"/> 
        <Partition id="recovery"        size="12"/> 
        <Partition id="misc"            size="1"/>
        <Partition id="userdata"        size="0xFFFFFFFF"/> 
      </Partitions>   
      <ProductComment/>
    </Product>                  
  </ProductList>
  <SchemeList>
    <Scheme name="SC6815_NAND">
      <File>
        <ID>FDL</ID>
        <IDAlias>FDL1</IDAlias>
	<Type>FDL_6820</Type>
        <Block>
          <Base>0x50000000</Base>
          <Size>0x0</Size>
        </Block>
        <Flag>1</Flag>
        <CheckFlag>1</CheckFlag>
      	<Filter>fdl1.bin;*fdl*.bin</Filter>
        <Description>First nand flash download image file</Description>
      </File>
      <File>
        <ID>FDL2</ID>
        <IDAlias>FDL2</IDAlias>
	<Type>NAND_FDL_6820</Type>
        <Block>
          <Base>0x80000000</Base>
          <Size>0x0</Size>
        </Block>
        <Flag>1</Flag>
        <CheckFlag>1</CheckFlag>
	<Filter>fdl2.bin</Filter>
        <Description>Second nand flash download image file</Description>
      </File>
      <File backup="1">
        <ID>NV_TD</ID>
        <IDAlias>NV_TD</IDAlias>
        <Type>NV_COMM</Type>
        <Block id="tdfixnv1">
          <Base>0x0</Base>
          <Size>0x0</Size>
        </Block>
        <Flag>1</Flag>
        <CheckFlag>0</CheckFlag>
	<Filter>nvitem.bin;nvitem_eng.bin;nvitem_release.bin</Filter>
        <Description>fixnv1 image file</Description>
      </File>
      <File backup="0">
        <ID>NV_WCN</ID>
        <IDAlias>NV_WCN</IDAlias>
        <Type>NV_COMM</Type>
        <Block id="wcnfixnv1">
          <Base>0x0</Base>
          <Size>0x0</Size>
        </Block>
        <Flag>1</Flag>
        <CheckFlag>2</CheckFlag>
	<Filter>nvitem_wcn.bin;nvitem*release.bin;nvitem*.bin</Filter>
        <Description>wcnfixnv1 image file</Description>
      </File>
      <File backup="1" selbyflash="1">
        <ID>ProdNV</ID>
        <IDAlias>ProdNV</IDAlias>
        <Type>CODE2</Type>
        <Block id="prodnv">
          <Base>0x0</Base>
          <Size>0x516000</Size>
        </Block>
        <Flag>1</Flag>
        <CheckFlag>0</CheckFlag>
	<Filter>prodnv*.img</Filter>
        <Description>prodnv image file</Description>
      </File>
      <File backup="1">
        <ID>PhaseCheck</ID>
        <IDAlias>PhaseCheck</IDAlias>
        <Type>CODE2</Type>
        <Block id="miscdata">
          <Base>0x0</Base>
          <Size>0x100000</Size>
        </Block>
        <Flag>0</Flag>
        <CheckFlag>0</CheckFlag>
        <Description>miscdata(phase check) section</Description>
      </File>
      <File>
        <ID>SPLLoader</ID>
        <IDAlias>SPL_LOADER</IDAlias>
        <Type>UBOOT_LOADER2</Type>
        <Block id="spl">
          <Base>0x0</Base>
          <Size>0x0</Size>
        </Block>
        <Flag>1</Flag>
        <CheckFlag>0</CheckFlag>
	<Filter>*spl*.bin</Filter>
        <Description>Bootloader image file</Description>
      </File>       
      <File>
        <ID>Modem_TD</ID>
        <IDAlias>Modem_TD</IDAlias>
        <Type>CODE2</Type>
        <Block id="tdmodem">
          <Base>0x0</Base>
          <Size>0x0</Size>
        </Block>
        <Flag>1</Flag>
        <CheckFlag>0</CheckFlag>
	<Filter>*6815_modem*.bin</Filter>
        <Description>modem image file</Description>
      </File>
      <File>
        <ID>DSP_TD</ID>
        <IDAlias>DSP_TD</IDAlias>
        <Type>CODE2</Type>
        <Block id="tddsp">
          <Base>0x0</Base>
          <Size>0x0</Size>
        </Block>
        <Flag>1</Flag>
        <CheckFlag>0</CheckFlag>
	<Filter>*dsp*.bin</Filter>
        <Description>dsp image file</Description>
      </File> 
      <File>
        <ID>Modem_WCN</ID>
        <IDAlias>Modem_WCN</IDAlias>
        <Type>CODE2</Type>
        <Block id="wcnmodem">
          <Base>0x0</Base>
          <Size>0x0</Size>
        </Block>
        <Flag>1</Flag>
        <CheckFlag>2</CheckFlag>
	<Filter>*7715_wcn_modem*.bin</Filter>
        <Description>wcnmodem image file</Description>
      </File>
      <File>
        <ID>BootLogo</ID>
        <IDAlias>BootLogo</IDAlias>
        <Type>CODE2</Type>
        <Block id="logo">
          <Base>0x0</Base>
          <Size>0x0</Size>
        </Block>
        <Flag>1</Flag>
        <CheckFlag>0</CheckFlag>
	<Filter>*logo*.bmp</Filter>
        <Description>logo image file</Description>
      </File>
      <File>
		<ID>HWInfoImg</ID>
		<IDAlias>HWInfoImg</IDAlias>
		<Type>CODE2</Type>
		<Block id="hwinfo">
			<Base>0x0</Base>
			<Size>0x0</Size>
		</Block>
		<Flag>1</Flag>
		<CheckFlag>0</CheckFlag>
		<Filter>*_HW_info.img;*_HWinfo.img</Filter>
		<Description>hwinfo image file</Description>
	</File>
	<File>
        <ID>BOOT</ID>
        <IDAlias>BOOT</IDAlias>
        <Type>CODE2</Type>
        <Block id="boot">
          <Base>0x0</Base>
          <Size>0x0</Size>
        </Block>
        <Flag>1</Flag>
        <CheckFlag>0</CheckFlag>
	<Filter>boot.img</Filter>
        <Description>boot image file</Description>
      </File>       
      <File>
        <ID>FLASH</ID>
        <IDAlias>EraseRuntimeNVTD</IDAlias>
        <Type>EraseFlash2</Type>
        <Block id="tdruntimenv1">
          <Base>0x0</Base>
          <Size>0x0</Size>
        </Block>
        <Flag>0</Flag>
        <CheckFlag>0</CheckFlag>
        <Description>Erase runtimenv section operation</Description>
      </File>           
      <File>
        <ID>FLASH_WCN</ID>
        <IDAlias>EraseRuntimeNVWCN</IDAlias>
        <Type>EraseFlash2</Type>
        <Block id="wcnruntimenv1">
          <Base>0x0</Base>
          <Size>0x0</Size>
        </Block>
        <Flag>0</Flag>
        <CheckFlag>2</CheckFlag>
        <Description>Erase WCN runtimenv section operation</Description>
      </File>       
      <File selbyflash="1">
        <ID>System</ID>
        <IDAlias>System</IDAlias>
        <Type>CODE2</Type>
        <Block id="system">
          <Base>0x0</Base>
          <Size>0x0</Size>
        </Block>
        <Flag>1</Flag>
        <CheckFlag>0</CheckFlag>
	<Filter>system*.img</Filter>
        <Description>system image file</Description>
      </File>
      <File selbyflash="1">
        <ID>Cache</ID>
        <IDAlias>Cache</IDAlias>
        <Type>CODE2</Type>
        <Block id="cache">
          <Base>0x0</Base>
          <Size>0x0</Size>
        </Block>
        <Flag>1</Flag>
        <CheckFlag>2</CheckFlag>
	<Filter>cache*.img</Filter>
        <Description>cache image file</Description>
      </File>
      <File>
        <ID>Recovery</ID>
        <IDAlias>Recovery</IDAlias>
        <Type>CODE2</Type>
        <Block id="recovery">
          <Base>0x0</Base>
          <Size>0x0</Size>
        </Block>
        <Flag>1</Flag>
        <CheckFlag>0</CheckFlag>
	<Filter>recovery.img</Filter>
        <Description>recovery image file</Description>
      </File>       
      <File selbyflash="1">
        <ID>UserData</ID>
        <IDAlias>UserData</IDAlias>
        <Type>CODE2</Type>
        <Block id="userdata">
          <Base>0x0</Base>
          <Size>0x0</Size>
        </Block>
        <Flag>1</Flag>
        <CheckFlag>0</CheckFlag>
	<Filter>userdata*.img</Filter>
        <Description>userdata image file</Description>
      </File>
      <File>
        <ID>EraseMisc</ID>
        <IDAlias>EraseMisc</IDAlias>
        <Type>EraseFlash2</Type>
        <Block id="misc">
          <Base>0x0</Base>
          <Size>0x0</Size>
        </Block>
        <Flag>0</Flag>
        <CheckFlag>0</CheckFlag>
        <Description>Erase misc section operation</Description>
      </File>
      <File>
        <ID>UBOOTLoader</ID>
        <IDAlias>UBOOT_LOADER</IDAlias>
        <Type>UBOOT_LOADER2</Type>
        <Block id="2ndbl">
          <Base>0x0</Base>
          <Size>0x0</Size>
        </Block>
        <Flag>1</Flag>
        <CheckFlag>0</CheckFlag>
	<Filter>u-boot.bin</Filter>
        <Description>UBootloader image file</Description>
      </File>
    </Scheme>
  </SchemeList>
</BMAConfig>
