<BMAConfig>
	<ProductList>
		<Product name="SC6825">
			<SchemeName>SC6825</SchemeName>
			<FlashTypeID>1</FlashTypeID>
			<Mode>0</Mode>
			<NVBackup backup="1">
				<NVItem name="Calibration" backup="1">
					<ID>0xFFFFFFFF</ID>
					<BackupFlag use="1">
						<NVFlag name="Replace" check="0"></NVFlag>
						<NVFlag name="Continue" check="0"></NVFlag>
					</BackupFlag>
				</NVItem>
				<NVItem name="IMEI" backup="1">
					<ID>0xFFFFFFFF</ID>
					<BackupFlag use="0"></BackupFlag>
				</NVItem>
				<NVItem name="TD_Calibration" backup="1">
					<ID>0xFFFFFFFF</ID>
					<BackupFlag use="1">
						<NVFlag name="Replace" check="0"></NVFlag>
						<NVFlag name="Continue" check="0"></NVFlag>
					</BackupFlag>
				</NVItem>
				<NVItem name="BlueTooth" backup="1">
					<ID>0x191</ID>
					<BackupFlag use="1">
						<NVFlag name="Continue" check="0"></NVFlag>
					</BackupFlag>
				</NVItem>
				<NVItem name="BandSelect" backup="1">
					<ID>0xD</ID>
					<BackupFlag use="1">
						<NVFlag name="Continue" check="0"></NVFlag>
					</BackupFlag>
				</NVItem>
				<NVItem name="WIFI" backup="1">
					<ID>0x199</ID>
					<BackupFlag use="1">
						<NVFlag name="Continue" check="1"></NVFlag>
					</BackupFlag>
				</NVItem>
				<NVItem name="MMITest" backup="1">
					<ID>0x19A</ID>
					<BackupFlag use="1">
						<NVFlag name="Continue" check="1"></NVFlag>
					</BackupFlag>
				</NVItem>
			</NVBackup>
			<ProductComment/>
		</Product>
	</ProductList>
	<SchemeList>
		<Scheme name="SC6825">
			<File>
				<ID>FDL</ID>
				<IDAlias>FDL1</IDAlias>
				<Type>FDL_6820</Type>
				<Block>
					<Base>0x20000</Base>
					<Size>0x0</Size>
				</Block>
				<Flag>1</Flag>
				<CheckFlag>1</CheckFlag>
				<Filter>fdl1.bin;*fdl*.bin</Filter>
				<Description>First nand flash download image file</Description>
			</File>
			<File>
				<ID>FDL2</ID>
				<IDAlias>FDL2</IDAlias>
				<Type>NAND_FDL_6820</Type>
				<Block>
					<Base>0x80000000</Base>
					<Size>0x0</Size>
				</Block>
				<Flag>1</Flag>
				<CheckFlag>1</CheckFlag>
				<Filter>fdl2.bin</Filter>
				<Description>Second nand flash download image file</Description>
			</File>
			<File>
				<ID>NV</ID>
				<IDAlias>NV</IDAlias>
				<Type>NV_NAND</Type>
				<Block>
					<Base>0x90000001</Base>
					<Size>0x0</Size>
				</Block>
				<Flag>1</Flag>
				<CheckFlag>0</CheckFlag>
				<Filter>nvitem*release.bin;nvitem*.bin</Filter>
				<Description>FixVN image file</Description>
			</File>
			<File>
				<ID>SPLLoader</ID>
				<IDAlias>SPL_LOADER</IDAlias>
				<Type>UBOOT_LOADER</Type>
				<Block>
					<Base>0x80000000</Base>
					<Size>0x0</Size>
				</Block>
				<Flag>1</Flag>
				<CheckFlag>0</CheckFlag>
				<Filter>*spl*.bin</Filter>
				<Description>Bootloader image file</Description>
			</File>
			<File>
				<ID>UBOOTLoader</ID>
				<IDAlias>UBOOT_LOADER</IDAlias>
				<Type>UBOOT_LOADER</Type>
				<Block>
					<Base>0x80000001</Base>
					<Size>0x0</Size>
				</Block>
				<Flag>1</Flag>
				<CheckFlag>0</CheckFlag>
				<Filter>u-boot.bin</Filter>
				<Description>Bootloader image file</Description>
			</File>
			<File>
				<ID>Vmjaluna</ID>
				<IDAlias>Vmjaluna</IDAlias>
				<Type>CODE</Type>
				<Block>
					<Base>0x80000003</Base>
					<Size>0x0</Size>
				</Block>
				<Flag>1</Flag>
				<CheckFlag>2</CheckFlag>
				<Filter>*vmjaluna*</Filter>
				<Description>Vmjaluna image file</Description>
			</File>
			<File>
				<ID>Modem</ID>
				<IDAlias>Modem</IDAlias>
				<Type>CODE</Type>
				<Block>
					<Base>0x80000004</Base>
					<Size>0x0</Size>
				</Block>
				<Flag>1</Flag>
				<CheckFlag>0</CheckFlag>
				<Filter>*modem*.bin</Filter>
				<Description>Modem image file</Description>
			</File>
			<File>
				<ID>DSP</ID>
				<IDAlias>DSP</IDAlias>
				<Type>CODE</Type>
				<Block>
					<Base>0x80000007</Base>
					<Size>0x0</Size>
				</Block>
				<Flag>1</Flag>
				<CheckFlag>0</CheckFlag>
				<Filter>*dsp*.bin</Filter>
				<Description>DSP image file</Description>
			</File>
			<File>
				<ID>BootImg</ID>
				<IDAlias>Boot_IMG</IDAlias>
				<Type>CODE</Type>
				<Block>
					<Base>0x80000009</Base>
					<Size>0x0</Size>
				</Block>
				<Flag>1</Flag>
				<CheckFlag>0</CheckFlag>
				<Filter>boot.img</Filter>
				<Description>Kernel image file</Description>
			</File>
			<File>
				<ID>Recovery</ID>
				<IDAlias>Recovery</IDAlias>
				<Type>CODE</Type>
				<Block>
					<Base>0x8000000A</Base>
					<Size>0x0</Size>
				</Block>
				<Flag>1</Flag>
				<CheckFlag>0</CheckFlag>
				<Filter>recovery.img</Filter>
				<Description>Recovery image file</Description>
			</File>
			<File>
				<ID>System</ID>
				<IDAlias>System</IDAlias>
				<Type>YAFFS_IMG</Type>
				<Block>
					<Base>0x8000000B</Base>
					<Size>0x0</Size>
				</Block>
				<Flag>1</Flag>
				<CheckFlag>0</CheckFlag>
				<Filter>system.img</Filter>
				<Description>System image file</Description>
			</File>
			<File>
				<ID>UserData</ID>
				<IDAlias>UserData</IDAlias>
				<Type>YAFFS_IMG</Type>
				<Block>
					<Base>0x8000000C</Base>
					<Size>0x0</Size>
				</Block>
				<Flag>1</Flag>
				<CheckFlag>0</CheckFlag>
				<Filter>userdata.img</Filter>
				<Description>UserData image file</Description>
			</File>
			<File>
				<ID>Boot_Logo</ID>
				<IDAlias>Boot_Logo</IDAlias>
				<Type>CODE</Type>
				<Block>
					<Base>0x8000000F</Base>
					<Size>0x0</Size>
				</Block>
				<Flag>1</Flag>
				<CheckFlag>0</CheckFlag>
				<Filter>*logo*.bmp</Filter>
				<Description>BootLoader boot logo</Description>
			</File>
			<File>
				<ID>HWInfoImg</ID>
				<IDAlias>HWInfoImg</IDAlias>
				<Type>CODE</Type>
				<Block>
					<Base>0x80000010</Base>
					<Size>0x0</Size>
				</Block>
				<Flag>1</Flag>
				<CheckFlag>2</CheckFlag>
				<Filter>*_HW_info.img</Filter>
				<Description>HWInfoImg</Description>
			</File>
			<File>
				<ID>FLASH</ID>
				<IDAlias>EraseRuntimeNV</IDAlias>
				<Type>EraseFlash</Type>
				<Block>
					<Base>0x90000003</Base>
					<Size>0x0</Size>
				</Block>
				<Flag>0</Flag>
				<CheckFlag>0</CheckFlag>
				<Description>Erase runtimenv section operation</Description>
			</File>
			<File>
				<ID>EraseProdEng</ID>
				<IDAlias>EraseProdEng</IDAlias>
				<Type>EraseFlash</Type>
				<Block>
					<Base>0x9000000F</Base>
					<Size>0x0</Size>
				</Block>
				<Flag>0</Flag>
				<CheckFlag>0</CheckFlag>
				<Description>Erase product engmode section operation</Description>
			</File>
			<File backup="0">
				<ID>PhaseCheck</ID>
				<IDAlias>PHASE_CHECK</IDAlias>
				<Type>CODE</Type>
				<Block>
					<Base>0x90000002</Base>
					<Size>0x2000</Size>
				</Block>
				<Flag>0</Flag>
				<CheckFlag>0</CheckFlag>
				<Description>Producing phases information section</Description>
			</File>
			<File>
				<ID>Cache</ID>
				<IDAlias>Cache</IDAlias>
				<Type>YAFFS_IMG</Type>
				<Block>
					<Base>0x8000000D</Base>
					<Size>0x0</Size>
				</Block>
				<Flag>1</Flag>
				<CheckFlag>2</CheckFlag>
				<Filter>cache.img</Filter>
				<Description>Download cache section operation</Description>
			</File>
			<File>
				<ID>EraseMisc</ID>
				<IDAlias>EraseMisc</IDAlias>
				<Type>EraseFlash</Type>
				<Block>
					<Base>0x8000000E</Base>
					<Size>0x0</Size>
				</Block>
				<Flag>0</Flag>
				<CheckFlag>0</CheckFlag>
				<Description>Erase misc section operation</Description>
			</File>
		</Scheme>
	</SchemeList></BMAConfig>
