<?xml version="1.0" encoding="UTF-8"?>
<!--  FlashTypeID: 0, means Nor Flash;1, means Nand Flash       -->
<!--  File-Flag: 0, means this file need not  input file path   -->
<!--             1, means this file need input file path        -->
<!--  File-CheckFlag: 0, this file is optional                  -->
<!--                  1, must select this file                  -->
<!--                  2, means not check this file in pack      -->
<!--  Mode: 0, means single mode; 1, means DualMode             -->
<!--  File-Type: MasterImage,means it will add BOOT_PARAM       -->
<!--             and OS_INFO information to file                -->
<!--  File-ID: Can not be changed,it is used by tools           -->
<!--  File-IDAlias: This is  for GUI display can be changed     -->
<BMAConfig>
	<ProductList>			
		<Product name="SC7701_2DSP">
			<SchemeName>SC7701_2DSP</SchemeName>
			<FlashTypeID>1</FlashTypeID>
			<Mode>0</Mode>
			<NvBaseAddrChangeFlag>0</NvBaseAddrChangeFlag>
			<NvNewBasePosition>1</NvNewBasePosition>
			<NVOrgFlag>1</NVOrgFlag>
			<NVOrgBasePosition>1</NVOrgBasePosition>
			<OmaDMFlag>1</OmaDMFlag>
			<RebootByAT>0</RebootByAT>
			<NVBackup backup="1">
				<NVItem name="Calibration" backup="1">
					<ID>0xFFFFFFFF</ID>
					<BackupFlag use="1">
						<NVFlag name ="Replace" check ="0"></NVFlag>
						<NVFlag name ="Continue" check ="0"></NVFlag>
					</BackupFlag>
				</NVItem>
				<NVItem name="IMEI" backup="1">
					<ID>0xFFFFFFFF</ID>
					<BackupFlag use="1">
						<NVFlag name ="Continue" check ="0"></NVFlag>
					</BackupFlag>	
				</NVItem>						
				<NVItem name="W_Calibration" backup="1">
					<ID>0x12D</ID>
					<BackupFlag use="1">
						<NVFlag name ="Continue" check ="0"></NVFlag>
					</BackupFlag>
				</NVItem>
				<NVItem name="BlueTooth" backup="1">
					<ID>0x191</ID>
					<BackupFlag use="1">
						<NVFlag name ="Continue" check ="0"></NVFlag>
					</BackupFlag>
				</NVItem>
				<NVItem name="BandSelect" backup="1">
					<ID>0xD</ID>
					<BackupFlag use="1">
						<NVFlag name ="Continue" check ="0"></NVFlag>
					</BackupFlag>
				</NVItem>
				<NVItem name="WIFI" backup="1">
					<ID>0x199</ID>
					<BackupFlag use="1">
						<NVFlag name ="Continue" check ="1"></NVFlag>
					</BackupFlag>
				</NVItem>
			</NVBackup>			
			<ProductComment/>
		</Product>							
	</ProductList>
	<SchemeList>
		<Scheme name="SC7701_2DSP">
			<File>
				<ID>FDL</ID>
				<IDAlias>FDL1</IDAlias>
				<Type>FDL_6820</Type>
				<Block>
					<Base>0x40000000</Base>
					<Size>0x0</Size>
				</Block>
				<Flag>1</Flag>
				<CheckFlag>1</CheckFlag>
				<Filter>fdl1.bin;*fdl*.bin</Filter>
				<Description>First nand flash download image file</Description>
			</File>
			<File>
				<ID>FDL2</ID>
				<IDAlias>FDL2</IDAlias>
				<Type>NAND_FDL_6820</Type>
				<Block>
					<Base>0x00000000</Base>
					<Size>0x0</Size>
				</Block>
				<Flag>1</Flag>
				<CheckFlag>1</CheckFlag>
				<Filter>fdl2.bin</Filter>
				<Description>Second nand flash download image file</Description>
			</File>
			<File>
				<ID>NV</ID>
				<IDAlias>NV</IDAlias>
				<Type>NV_NAND</Type>
				<Block>
					<Base>0x90000001</Base>
					<Size>0x0</Size>
				</Block>
				<Block>
					<Base>0x9000000C</Base>
					<Size>0x0</Size>
				</Block>
				<Flag>1</Flag>
				<CheckFlag>0</CheckFlag>
				<Filter>nvitem*release.bin;nvitem*.bin</Filter>
				<Description>Download-NV image file</Description>
			</File>
			<File>
				<ID>BootLoader</ID>
				<IDAlias>BOOT_LOADER</IDAlias>
				<Type>BOOT_LOADER</Type>
				<Block>
					<Base>0x80000000</Base>
					<Size>0x0</Size>
				</Block>
				<Flag>1</Flag>
				<CheckFlag>0</CheckFlag>
				<Filter>*BootLoader*.bin</Filter>
				<Description>Bootloader image file</Description>
			</File>	
			<File>
				<ID>KernelImg</ID>
				<IDAlias>KERNEL_IMG</IDAlias>
				<Type>MasterImage</Type>
				<Block>
					<Base>0x80000003</Base>
					<Size>0x0</Size>
				</Block>
				<Flag>1</Flag>
				<CheckFlag>0</CheckFlag>
				<Filter>*EXEC_KERNEL_IMAGE*.bin</Filter>
				<Description>Kernel image file</Description>
			</File>			
			<File>
				<ID>UserImg</ID>
				<IDAlias>USER_IMG</IDAlias>
				<Type>CODE</Type>
				<Block>
					<Base>0x80000004</Base>
					<Size>0x0</Size>
				</Block>
				<Flag>1</Flag>
				<CheckFlag>0</CheckFlag>
				<Filter>*EXEC_USER_IMAGE*.bin</Filter>
				<Description>User image file</Description>
			</File>
			<File>
				<ID>MMIRes</ID>
				<IDAlias>MMIRES</IDAlias>
				<Type>CODE</Type>
				<Block>
					<Base>0x90000004</Base>
					<Size>0x0</Size>
				</Block>
				<Flag>1</Flag>
				<CheckFlag>0</CheckFlag>
				<Filter>mmi_res_*.bin</Filter>
				<Description>MMI resource image file</Description>
			</File>
			<File>
				<ID>DSPCode</ID>
				<IDAlias>DSP_CODE</IDAlias>
				<Type>CODE</Type>
				<Block>
					<Base>0x90000005</Base>
					<Size>0x0</Size>
				</Block>
				<Flag>1</Flag>
				<CheckFlag>0</CheckFlag>
				<Filter>DSP_DM_G2.bin</Filter>
				<Description>DSP code image file</Description>
			</File>	
			<File>
				<ID>DSPCode2</ID>
				<IDAlias>DSP_CODE2</IDAlias>
				<Type>CODE</Type>
				<Block>
					<Base>0x90000012</Base>
					<Size>0x0</Size>
				</Block>
				<Flag>1</Flag>
				<CheckFlag>2</CheckFlag>
				<Filter>DSP2_DM_G2.bin</Filter>
				<Description>DSP code2 image file</Description>
			</File>							
			<File>
				<ID>OmadmFota</ID>
				<IDAlias>OMADM_FOTA</IDAlias>
				<Type>CODE</Type>
				<Block>
					<Base>0x90000008</Base>
					<Size>0x0</Size>
				</Block>		
				<Flag>1</Flag>
				<CheckFlag>2</CheckFlag>
				<Description>Device management upgrade imgage file, depended on FDL2</Description>
			</File>	
			<File>
				<ID>Preload</ID>
				<IDAlias>PRELOAD</IDAlias>
				<Type>CODE</Type>
				<Block>
					<Base>0x90000007</Base>
					<Size>0x0</Size>
				</Block>		
				<Flag>1</Flag>
				<CheckFlag>2</CheckFlag>
				<Filter>*preload*</Filter>
				<Description>Hiden image file, depended on FDL2</Description>
			</File>	
			<File>
				<ID>RomDisk</ID>
				<IDAlias>ROM_DISK</IDAlias>
				<Type>CODE</Type>
				<Block>
					<Base>0x9000000E</Base>
					<Size>0x0</Size>
				</Block>		
				<Flag>1</Flag>
				<CheckFlag>2</CheckFlag>
				<Description>Be used to drivers auto run, depended on FDL2</Description>
			</File>	
			<File>
			<File>
				<ID>FLASH</ID>
				<IDAlias>FLASH</IDAlias>
				<Type>EraseFlash</Type>
				<Block>
					<Base>0x90000003</Base>
					<Size>0x4000</Size>
				</Block>
				<Flag>0</Flag>
				<CheckFlag>0</CheckFlag>
				<Description>Erase running-NV section operation</Description>
			</File>
			<File>
				<ID>Erase FS</ID>
				<IDAlias>Erase FS</IDAlias>
				<Type>EraseFlash</Type>
				<Block>
					<Base>0x80000008</Base>
					<Size>0x4000</Size>
				</Block>
				<Flag>0</Flag>
				<CheckFlag>0</CheckFlag>
				<Description>Erase File System</Description>
			</File>
			<ID>UdiskImg</ID>
				 <IDAlias>UDISK_IMG</IDAlias>
				 <Type>CODE</Type>
				 <Block>
						 <Base>0x80000008</Base>
						 <Size>0x0</Size>
				 </Block>
				 <Flag>1</Flag>
				 <CheckFlag>0</CheckFlag>
				 <Description>Udisk image file</Description>
			</File>
			<File>
				<ID>PhaseCheck</ID>
				<IDAlias>PHASE_CHECK</IDAlias>
				<Type>CODE</Type>
				<Block>
					<Base>0x90000002</Base>
					<Size>0x0</Size>
				</Block>
				<Flag>0</Flag>
				<CheckFlag>0</CheckFlag>
				<Description>Producing phases information section</Description>
			</File>

			<File>
				<ID>LCD</ID>
				<IDAlias>LCD</IDAlias>
				<Type>CODE</Type>
				<Block>
					<Base>0x90000013</Base>
					<Size>0x1000</Size>
				</Block>
				<Flag>1</Flag>
				<CheckFlag>0</CheckFlag>
				<Filter>*LCD*.bin</Filter>
				<Description>Download Lcd Driver File</Description>
			</File>	
		</Scheme>	
	</SchemeList>
</BMAConfig>
