<?xml version="1.0" encoding="UTF-8"?>
<!--  FlashTypeID: 0, means Nor Flash;1, means Nand Flash       -->
<!--  File-Flag: 0, means this file need not  input file path   -->
<!--             1, means this file need input file path        -->
<!--  File-CheckFlag: 0, this file is optional                  -->
<!--                  1, must select this file                  -->
<!--                  2, means not check this file in pack      -->
<!--  Mode: 0, not uesed; 1, means nand page size and oob care  -->
<!--  File-Type: MasterImage,means it will add BOOT_PARAM       -->
<!--             and OS_INFO information to file                -->
<!--  File-ID: Can not be changed,it is used by tools           -->
<!--  File-IDAlias: This is  for GUI display can be changed     -->
<BMAConfig>
	<ProductList>		
		<Product name="SC8810">
			<SchemeName>SC8810</SchemeName>
			<FlashTypeID>1</FlashTypeID>
			<Mode>0</Mode>			
			<NVBackup backup="1">
				<NVItem name="Calibration" backup="1">
					<ID>0xFFFFFFFF</ID>
					<BackupFlag use="1">
						<NVFlag name ="Replace" check ="0"></NVFlag>
						<NVFlag name ="Continue" check ="0"></NVFlag>
					</BackupFlag>
				</NVItem>
				<NVItem name="IMEI" backup="1">
					<ID>0xFFFFFFFF</ID>
					<BackupFlag use="0"></BackupFlag>
				</NVItem>
				<NVItem name="TD_Calibration" backup="1">
					<ID>0xFFFFFFFF</ID>
					<BackupFlag use="1">
						<NVFlag name ="Replace" check ="0"></NVFlag>
						<NVFlag name ="Continue" check ="0"></NVFlag>
					</BackupFlag>
				</NVItem>
				<NVItem name="BlueTooth" backup="1">
					<ID>0x191</ID>
					<BackupFlag use="1">
						<NVFlag name ="Continue" check ="0"></NVFlag>
					</BackupFlag>
				</NVItem>
				<NVItem name="BandSelect" backup="1">
					<ID>0xD</ID>
					<BackupFlag use="1">
						<NVFlag name ="Continue" check ="0"></NVFlag>
					</BackupFlag>
				</NVItem>
				<NVItem name="WIFI" backup="1">
					<ID>0x199</ID>
					<BackupFlag use="1">
						<NVFlag name ="Continue" check ="1"></NVFlag>
					</BackupFlag>
				</NVItem>
				<NVItem name="MMITest" backup="1">
					<ID>0x19A</ID>
					<BackupFlag use="1">
						<NVFlag name ="Continue" check ="1"></NVFlag>
					</BackupFlag>
				</NVItem>		
			</NVBackup>			
			<ProductComment/>
		</Product>
		<Product name="SC6820">
			<SchemeName>SC6820</SchemeName>
			<FlashTypeID>1</FlashTypeID>
			<Mode>0</Mode>			
			<NVBackup backup="1">
				<NVItem name="Calibration" backup="1">
					<ID>0xFFFFFFFF</ID>
					<BackupFlag use="1">
						<NVFlag name ="Replace" check ="0"></NVFlag>
						<NVFlag name ="Continue" check ="0"></NVFlag>
					</BackupFlag>
				</NVItem>
				<NVItem name="IMEI" backup="1">
					<ID>0xFFFFFFFF</ID>
					<BackupFlag use="0"></BackupFlag>
				</NVItem>				
				<NVItem name="BlueTooth" backup="1">
					<ID>0x191</ID>
					<BackupFlag use="1">
						<NVFlag name ="Continue" check ="0"></NVFlag>
					</BackupFlag>
				</NVItem>
				<NVItem name="BandSelect" backup="1">
					<ID>0xD</ID>
					<BackupFlag use="1">
						<NVFlag name ="Continue" check ="0"></NVFlag>
					</BackupFlag>
				</NVItem>
				<NVItem name="WIFI" backup="1">
					<ID>0x199</ID>
					<BackupFlag use="1">
						<NVFlag name ="Continue" check ="1"></NVFlag>
					</BackupFlag>
				</NVItem>
				<NVItem name="MMITest" backup="1">
					<ID>0x19A</ID>
					<BackupFlag use="1">
						<NVFlag name ="Continue" check ="1"></NVFlag>
					</BackupFlag>
				</NVItem>
			</NVBackup>			
			<ProductComment/>
		</Product>
		<Product name="SC8810_MODEM">
			<SchemeName>SC8810_MODEM</SchemeName>
			<FlashTypeID>1</FlashTypeID>
			<Mode>0</Mode>
			<NvBaseAddrChangeFlag>0</NvBaseAddrChangeFlag>
			<NvNewBasePosition>1</NvNewBasePosition>
			<NVOrgFlag>1</NVOrgFlag>
			<NVOrgBasePosition>1</NVOrgBasePosition>
			<OmaDMFlag>1</OmaDMFlag>
			<NVBackup backup="1">
				<NVItem name="Calibration" backup="1">
					<ID>0xFFFFFFFF</ID>
					<BackupFlag use="1">
						<NVFlag name ="Replace" check ="0"></NVFlag>
						<NVFlag name ="Continue" check ="0"></NVFlag>
					</BackupFlag>
				</NVItem>
				<NVItem name="IMEI" backup="1">
					<ID>0xFFFFFFFF</ID>
					<BackupFlag use="1">
						<NVFlag name ="Continue" check ="0"></NVFlag>
					</BackupFlag>	
				</NVItem>
				<NVItem name="TD_Calibration" backup="1">
					<ID>0xFFFFFFFF</ID>
					<BackupFlag use="1">
						<NVFlag name ="Replace" check ="0"></NVFlag>
						<NVFlag name ="Continue" check ="0"></NVFlag>
					</BackupFlag>
				</NVItem>
				<NVItem name="BlueTooth" backup="1">
					<ID>0x191</ID>
					<BackupFlag use="1">
						<NVFlag name ="Continue" check ="0"></NVFlag>
					</BackupFlag>
				</NVItem>
			</NVBackup>			
			<ProductComment/>
		</Product>									
	</ProductList>
	<SchemeList>
		<Scheme name="SC8810">
			<File>
				<ID>FDL</ID>
				<IDAlias>FDL1</IDAlias>
				<Type>FDL</Type>
				<Block>
					<Base>0x40000000</Base>
					<Size>0x0</Size>
				</Block>
				<Flag>1</Flag>
				<CheckFlag>1</CheckFlag>
				<Description>First nand flash download image file</Description>
			</File>
			<File>
				<ID>FDL2</ID>
				<IDAlias>FDL2</IDAlias>
				<Type>NAND_FDL</Type>
				<Block>
					<Base>0x0</Base>
					<Size>0x0</Size>
				</Block>
				<Flag>1</Flag>
				<CheckFlag>1</CheckFlag>
				<Description>Second nand flash download image file</Description>
			</File>
			<File>
				<ID>NV</ID>
				<IDAlias>NV</IDAlias>
				<Type>NV_NAND</Type>
				<Block>
					<Base>0x90000001</Base>
					<Size>0x0</Size>
				</Block>
				<Flag>1</Flag>
				<CheckFlag>0</CheckFlag>
				<Description>FixVN image file</Description>
			</File>
			<File>
				<ID>SPLLoader</ID>
				<IDAlias>SPL_LOADER</IDAlias>
				<Type>UBOOT_LOADER</Type>
				<Block>
					<Base>0x80000000</Base>
					<Size>0x0</Size>
				</Block>
				<Flag>1</Flag>
				<CheckFlag>0</CheckFlag>
				<Description>Bootloader image file</Description>
			</File>		
			<File>
				<ID>UBOOTLoader</ID>
				<IDAlias>UBOOT_LOADER</IDAlias>
				<Type>UBOOT_LOADER</Type>
				<Block>
					<Base>0x80000001</Base>
					<Size>0x0</Size>
				</Block>
				<Flag>1</Flag>
				<CheckFlag>0</CheckFlag>
				<Description>Bootloader image file</Description>
			</File>		
			<File>
				<ID>Vmjaluna</ID>
				<IDAlias>Vmjaluna</IDAlias>
				<Type>CODE</Type>
				<Block>
					<Base>0x80000003</Base>
					<Size>0x0</Size>
				</Block>
				<Flag>1</Flag>
				<CheckFlag>2</CheckFlag>
				<Description>Vmjaluna image file</Description>
			</File>	
			<File>
				<ID>Modem</ID>
				<IDAlias>Modem</IDAlias>
				<Type>CODE</Type>
				<Block>
					<Base>0x80000004</Base>
					<Size>0x0</Size>
				</Block>
				<Flag>1</Flag>
				<CheckFlag>0</CheckFlag>
				<Description>Modem image file</Description>
			</File>			
			<File>
				<ID>DSP</ID>
				<IDAlias>DSP</IDAlias>
				<Type>CODE</Type>
				<Block>
					<Base>0x80000007</Base>
					<Size>0x0</Size>
				</Block>
				<Flag>1</Flag>
				<CheckFlag>0</CheckFlag>
				<Description>DSP image file</Description>
			</File>	
			<File>
				<ID>BootImg</ID>
				<IDAlias>Boot_IMG</IDAlias>
				<Type>CODE</Type>
				<Block>
					<Base>0x80000009</Base>
					<Size>0x0</Size>
				</Block>
				<Flag>1</Flag>
				<CheckFlag>0</CheckFlag>
				<Description>Kernel image file</Description>
			</File>
			<File>
				<ID>Recovery</ID>
				<IDAlias>Recovery</IDAlias>
				<Type>CODE</Type>
				<Block>
					<Base>0x8000000A</Base>
					<Size>0x0</Size>
				</Block>
				<Flag>1</Flag>
				<CheckFlag>0</CheckFlag>
				<Description>Recovery image file</Description>
			</File>
			<File>
				<ID>System</ID>
				<IDAlias>System</IDAlias>
				<Type>YAFFS_IMG</Type>
				<Block>
					<Base>0x8000000B</Base>
					<Size>0x0</Size>
				</Block>
				<Flag>1</Flag>
				<CheckFlag>0</CheckFlag>
				<Description>System image file</Description>
			</File>
			<File>
				<ID>UserData</ID>
				<IDAlias>UserData</IDAlias>
				<Type>YAFFS_IMG</Type>
				<Block>
					<Base>0x8000000C</Base>
					<Size>0x0</Size>
				</Block>
				<Flag>1</Flag>
				<CheckFlag>0</CheckFlag>
				<Description>UserData image file</Description>
			</File>
			<File>
				<ID>Boot_Logo</ID>
				<IDAlias>Boot_Logo</IDAlias>
				<Type>CODE</Type>
				<Block>
					<Base>0x8000000F</Base>
					<Size>0x0</Size>
				</Block>
				<Flag>1</Flag>
				<CheckFlag>0</CheckFlag>
				<Description>BootLoader boot logo</Description>
			</File>
			<File>
				<ID>Fastboot_Logo</ID>
				<IDAlias>Fastboot_Logo</IDAlias>
				<Type>CODE</Type>
				<Block>
					<Base>0x80000010</Base>
					<Size>0x0</Size>
				</Block>
				<Flag>1</Flag>
				<CheckFlag>2</CheckFlag>
				<Description>Fastboot Logo</Description>
			</File>
			<File>
				<ID>FLASH</ID>
				<IDAlias>EraseRuntimeNV</IDAlias>
				<Type>EraseFlash</Type>
				<Block>
					<Base>0x90000003</Base>
					<Size>0x0</Size>
				</Block>
				<Flag>0</Flag>
				<CheckFlag>0</CheckFlag>
				<Description>Erase runtimenv section operation</Description>
			</File>
			<File>
				<ID>FLASH_ENG</ID>
				<IDAlias>EraseProdEng</IDAlias>
				<Type>EraseFlash</Type>
				<Block>
					<Base>0x90005555</Base>
					<Size>0x0</Size>
				</Block>
				<Flag>0</Flag>
				<CheckFlag>0</CheckFlag>
				<Description>Erase product engmode section operation</Description>
			</File>
			<File>
				<ID>PhaseCheck</ID>
				<IDAlias>PHASE_CHECK</IDAlias>
				<Type>CODE</Type>
				<Block>
					<Base>0x90000002</Base>
					<Size>0x0</Size>
				</Block>
				<Flag>0</Flag>
				<CheckFlag>0</CheckFlag>
				<Description>Producing phases information section</Description>
			</File>
			<File>
				<ID>EraseCache</ID>
				<IDAlias>EraseCache</IDAlias>
				<Type>EraseFlash</Type>
				<Block>
					<Base>0x8000000D</Base>
					<Size>0x0</Size>
				</Block>
				<Flag>0</Flag>
				<CheckFlag>0</CheckFlag>
				<Description>Erase cache section operation</Description>
			</File>
			<File>
				<ID>Cache</ID>
				<IDAlias>Cache</IDAlias>
				<Type>CODE</Type>
				<Block>
					<Base>0x8000000D</Base>
					<Size>0x0</Size>
				</Block>
				<Flag>1</Flag>
				<CheckFlag>2</CheckFlag>
				<Description>Cache image</Description>
			</File>
			<File>
				<ID>EraseMisc</ID>
				<IDAlias>EraseMisc</IDAlias>
				<Type>EraseFlash</Type>
				<Block>
					<Base>0x8000000E</Base>
					<Size>0x0</Size>
				</Block>
				<Flag>0</Flag>
				<CheckFlag>0</CheckFlag>
				<Description>Erase misc section operation</Description>
			</File>
		</Scheme>
		<Scheme name="SC6820">
			<File>
				<ID>FDL</ID>
				<IDAlias>FDL1</IDAlias>
				<Type>FDL</Type>
				<Block>
					<Base>0x40000000</Base>
					<Size>0x0</Size>
				</Block>
				<Flag>1</Flag>
				<CheckFlag>1</CheckFlag>
				<Description>First nand flash download image file</Description>
			</File>
			<File>
				<ID>FDL2</ID>
				<IDAlias>FDL2</IDAlias>
				<Type>NAND_FDL</Type>
				<Block>
					<Base>0x0</Base>
					<Size>0x0</Size>
				</Block>
				<Flag>1</Flag>
				<CheckFlag>1</CheckFlag>
				<Description>Second nand flash download image file</Description>
			</File>
			<File>
				<ID>NV</ID>
				<IDAlias>NV</IDAlias>
				<Type>NV_NAND</Type>
				<Block>
					<Base>0x90000001</Base>
					<Size>0x0</Size>
				</Block>
				<Flag>1</Flag>
				<CheckFlag>0</CheckFlag>
				<Description>FixVN image file</Description>
			</File>
			<File>
				<ID>SPLLoader</ID>
				<IDAlias>SPL_LOADER</IDAlias>
				<Type>UBOOT_LOADER</Type>
				<Block>
					<Base>0x80000000</Base>
					<Size>0x0</Size>
				</Block>
				<Flag>1</Flag>
				<CheckFlag>0</CheckFlag>
				<Description>Bootloader image file</Description>
			</File>		
			<File>
				<ID>UBOOTLoader</ID>
				<IDAlias>UBOOT_LOADER</IDAlias>
				<Type>UBOOT_LOADER</Type>
				<Block>
					<Base>0x80000001</Base>
					<Size>0x0</Size>
				</Block>
				<Flag>1</Flag>
				<CheckFlag>0</CheckFlag>
				<Description>Bootloader image file</Description>
			</File>		
			<File>
				<ID>Vmjaluna</ID>
				<IDAlias>Vmjaluna</IDAlias>
				<Type>CODE</Type>
				<Block>
					<Base>0x80000003</Base>
					<Size>0x0</Size>
				</Block>
				<Flag>1</Flag>
				<CheckFlag>2</CheckFlag>
				<Description>Vmjaluna image file</Description>
			</File>	
			<File>
				<ID>Modem</ID>
				<IDAlias>Modem</IDAlias>
				<Type>CODE</Type>
				<Block>
					<Base>0x80000004</Base>
					<Size>0x0</Size>
				</Block>
				<Flag>1</Flag>
				<CheckFlag>0</CheckFlag>
				<Description>Modem image file</Description>
			</File>			
			<File>
				<ID>DSP</ID>
				<IDAlias>DSP</IDAlias>
				<Type>CODE</Type>
				<Block>
					<Base>0x80000007</Base>
					<Size>0x0</Size>
				</Block>
				<Flag>1</Flag>
				<CheckFlag>0</CheckFlag>
				<Description>DSP image file</Description>
			</File>	
			<File>
				<ID>BootImg</ID>
				<IDAlias>Boot_IMG</IDAlias>
				<Type>CODE</Type>
				<Block>
					<Base>0x80000009</Base>
					<Size>0x0</Size>
				</Block>
				<Flag>1</Flag>
				<CheckFlag>0</CheckFlag>
				<Description>Kernel image file</Description>
			</File>
			<File>
				<ID>Recovery</ID>
				<IDAlias>Recovery</IDAlias>
				<Type>CODE</Type>
				<Block>
					<Base>0x8000000A</Base>
					<Size>0x0</Size>
				</Block>
				<Flag>1</Flag>
				<CheckFlag>0</CheckFlag>
				<Description>Recovery image file</Description>
			</File>
			<File>
				<ID>System</ID>
				<IDAlias>System</IDAlias>
				<Type>YAFFS_IMG</Type>
				<Block>
					<Base>0x8000000B</Base>
					<Size>0x0</Size>
				</Block>
				<Flag>1</Flag>
				<CheckFlag>0</CheckFlag>
				<Description>System image file</Description>
			</File>
			<File>
				<ID>UserData</ID>
				<IDAlias>UserData</IDAlias>
				<Type>YAFFS_IMG</Type>
				<Block>
					<Base>0x8000000C</Base>
					<Size>0x0</Size>
				</Block>
				<Flag>1</Flag>
				<CheckFlag>0</CheckFlag>
				<Description>UserData image file</Description>
			</File>
			<File>
				<ID>Boot_Logo</ID>
				<IDAlias>Boot_Logo</IDAlias>
				<Type>CODE</Type>
				<Block>
					<Base>0x8000000F</Base>
					<Size>0x0</Size>
				</Block>
				<Flag>1</Flag>
				<CheckFlag>0</CheckFlag>
				<Description>BootLoader boot logo</Description>
			</File>
			<File>
				<ID>Fastboot_Logo</ID>
				<IDAlias>Fastboot_Logo</IDAlias>
				<Type>CODE</Type>
				<Block>
					<Base>0x80000010</Base>
					<Size>0x0</Size>
				</Block>
				<Flag>1</Flag>
				<CheckFlag>2</CheckFlag>
				<Description>Fastboot Logo</Description>
			</File>
			<File>
				<ID>FLASH</ID>
				<IDAlias>EraseRuntimeNV</IDAlias>
				<Type>EraseFlash</Type>
				<Block>
					<Base>0x90000003</Base>
					<Size>0x0</Size>
				</Block>
				<Flag>0</Flag>
				<CheckFlag>0</CheckFlag>
				<Description>Erase runtimenv section operation</Description>
			</File>
			<File>
				<ID>PhaseCheck</ID>
				<IDAlias>PHASE_CHECK</IDAlias>
				<Type>CODE</Type>
				<Block>
					<Base>0x90000002</Base>
					<Size>0x0</Size>
				</Block>
				<Flag>0</Flag>
				<CheckFlag>0</CheckFlag>
				<Description>Producing phases information section</Description>
			</File>
			<File>
				<ID>EraseCache</ID>
				<IDAlias>EraseCache</IDAlias>
				<Type>EraseFlash</Type>
				<Block>
					<Base>0x8000000D</Base>
					<Size>0x0</Size>
				</Block>
				<Flag>0</Flag>
				<CheckFlag>0</CheckFlag>
				<Description>Erase cache section operation</Description>
			</File>
			<File>
				<ID>EraseMisc</ID>
				<IDAlias>EraseMisc</IDAlias>
				<Type>EraseFlash</Type>
				<Block>
					<Base>0x8000000E</Base>
					<Size>0x0</Size>
				</Block>
				<Flag>0</Flag>
				<CheckFlag>0</CheckFlag>
				<Description>Erase misc section operation</Description>
			</File>
		</Scheme>
		<Scheme name="SC8810_MODEM">
			<File>
				<ID>FDL</ID>
				<IDAlias>FDL1</IDAlias>
				<Type>FDL</Type>
				<Block>
					<Base>0x40000000</Base>
					<Size>0x0</Size>
				</Block>
				<Flag>1</Flag>
				<CheckFlag>1</CheckFlag>
				<Description>First nand flash download image file</Description>
			</File>
			<File>
				<ID>FDL2</ID>
				<IDAlias>FDL2</IDAlias>
				<Type>NAND_FDL</Type>
				<Block>
					<Base>0x0</Base>
					<Size>0x0</Size>
				</Block>
				<Flag>1</Flag>
				<CheckFlag>1</CheckFlag>
				<Description>Second nand flash download image file</Description>
			</File>
			<File>
				<ID>NV</ID>
				<IDAlias>NV</IDAlias>
				<Type>NV_NAND</Type>
				<Block>
					<Base>0x90000001</Base>
					<Size>0x0</Size>
				</Block>
				<Block>
					<Base>0x9000000C</Base>
					<Size>0x0</Size>
				</Block>
				<Flag>1</Flag>
				<CheckFlag>0</CheckFlag>
				<Description>Download-NV image file</Description>
			</File>
			<File>
				<ID>BootLoader</ID>
				<IDAlias>BOOT_LOADER</IDAlias>
				<Type>BOOT_LOADER</Type>
				<Block>
					<Base>0x80000000</Base>
					<Size>0x0</Size>
				</Block>
				<Flag>1</Flag>
				<CheckFlag>0</CheckFlag>
				<Description>Bootloader image file</Description>
			</File>				
			<File>
				<ID>KernelImg2</ID>
				<IDAlias>KERNEL_IMG2</IDAlias>
				<Type>CODE</Type>
				<Block>
					<Base>0x9000000D</Base>
					<Size>0x0</Size>
				</Block>
				<Flag>1</Flag>
				<CheckFlag>2</CheckFlag>
				<Description>Second Kernel image file</Description>
			</File>
			<File>
				<ID>UserImg</ID>
				<IDAlias>USER_IMG</IDAlias>
				<Type>CODE</Type>
				<Block>
					<Base>0x80000004</Base>
					<Size>0x0</Size>
				</Block>
				<Flag>1</Flag>
				<CheckFlag>0</CheckFlag>
				<Description>User image file</Description>
			</File>
			<File>
				<ID>MMIRes</ID>
				<IDAlias>MMIRES</IDAlias>
				<Type>CODE</Type>
				<Block>
					<Base>0x90000004</Base>
					<Size>0x0</Size>
				</Block>
				<Flag>1</Flag>
				<CheckFlag>0</CheckFlag>
				<Description>MMI resource image file</Description>
			</File>
			<File>
				<ID>DSPCode</ID>
				<IDAlias>DSP_CODE</IDAlias>
				<Type>CODE</Type>
				<Block>
					<Base>0x90000005</Base>
					<Size>0x0</Size>
				</Block>
				<Flag>1</Flag>
				<CheckFlag>0</CheckFlag>
				<Description>DSP code image file</Description>
			</File>							
			<File>
				<ID>OmadmFota</ID>
				<IDAlias>OMADM_FOTA</IDAlias>
				<Type>CODE</Type>
				<Block>
					<Base>0x90000008</Base>
					<Size>0x0</Size>
				</Block>		
				<Flag>1</Flag>
				<CheckFlag>2</CheckFlag>
				<Description>Device management upgrade imgage file, depended on FDL2</Description>
			</File>	
			<File>
				<ID>Preload</ID>
				<IDAlias>PRELOAD</IDAlias>
				<Type>CODE</Type>
				<Block>
					<Base>0x90000007</Base>
					<Size>0x0</Size>
				</Block>		
				<Flag>1</Flag>
				<CheckFlag>2</CheckFlag>
				<Description>Hiden image file, depended on FDL2</Description>
			</File>	
			<File>
				<ID>RomDisk</ID>
				<IDAlias>ROM_DISK</IDAlias>
				<Type>CODE</Type>
				<Block>
					<Base>0x9000000E</Base>
					<Size>0x0</Size>
				</Block>		
				<Flag>1</Flag>
				<CheckFlag>2</CheckFlag>
				<Description>Be used to drivers auto run, depended on FDL2</Description>
			</File>		
			<File>
				<ID>FLASH</ID>
				<IDAlias>FLASH</IDAlias>
				<Type>EraseFlash</Type>
				<Block>
					<Base>0x90000003</Base>
					<Size>0x4000</Size>
				</Block>
				<Flag>0</Flag>
				<CheckFlag>0</CheckFlag>
				<Description>Erase running-NV section operation</Description>
			</File>
			<File>
				<ID>EraseDU</ID>
				<IDAlias>ERASE_DU</IDAlias>
				<Type>EraseFlash</Type>
				<Block>
					<Base>0x9000000A</Base>
					<Size>0x140000</Size>
				</Block>
				<Flag>0</Flag>
				<CheckFlag>2</CheckFlag>
				<Description>Erase delta-package section operation, depended on FDL2</Description>
			</File>
			<File>
				<ID>PhaseCheck</ID>
				<IDAlias>PHASE_CHECK</IDAlias>
				<Type>CODE</Type>
				<Block>
					<Base>0x90000002</Base>
					<Size>0x0</Size>
				</Block>
				<Flag>0</Flag>
				<CheckFlag>0</CheckFlag>
				<Description>Producing phases information section</Description>
			</File>
			<File>
				<ID>KernelImg</ID>
				<IDAlias>KERNEL_IMG</IDAlias>
				<Type>MasterImage</Type>
				<Block>
					<Base>0x80000003</Base>
					<Size>0x0</Size>
				</Block>
				<Flag>1</Flag>
				<CheckFlag>0</CheckFlag>
				<Description>Kernel image file</Description>
			</File>
		</Scheme>			
	</SchemeList>
</BMAConfig>
